18:54:42:096 [57752] | INFO  | Initializing crosire's ReShade version '6.8.0.2158' (64-bit) loaded from 'C:\Users\tetfy\OneDrive\Рабочий стол\QWLEY SHADE\dxgi.dll' into 'C:\Users\tetfy\OneDrive\Рабочий стол\QWLEY SHADE\eurotrucks2.exe' (0x9C5C946E) ...
18:54:42:098 [57752] | INFO  | Registering hooks for 'user32.dll' ...
18:54:42:098 [57752] | INFO  | > Libraries loaded.
18:54:42:098 [57752] | INFO  | > Found 21 match(es). Installing ...
18:54:42:176 [57752] | INFO  | Registering hooks for 'C:\WINDOWS\system32\dinput.dll' ...
18:54:42:176 [57752] | INFO  | > Delayed.
18:54:42:176 [57752] | INFO  | Registering hooks for 'C:\WINDOWS\system32\dinput8.dll' ...
18:54:42:177 [57752] | INFO  | > Delayed.
18:54:42:177 [57752] | INFO  | Registering hooks for 'ws2_32.dll' ...
18:54:42:177 [57752] | INFO  | > Delayed.
18:54:42:177 [57752] | INFO  | Registering hooks for 'C:\WINDOWS\system32\d2d1.dll' ...
18:54:42:177 [57752] | INFO  | > Delayed.
18:54:42:177 [57752] | INFO  | Registering hooks for 'C:\WINDOWS\system32\d3d9.dll' ...
18:54:42:177 [57752] | INFO  | > Delayed.
18:54:42:177 [57752] | INFO  | Registering hooks for 'C:\WINDOWS\system32\d3d10.dll' ...
18:54:42:177 [57752] | INFO  | > Delayed.
18:54:42:177 [57752] | INFO  | Registering hooks for 'C:\WINDOWS\system32\d3d10_1.dll' ...
18:54:42:177 [57752] | INFO  | > Delayed.
18:54:42:178 [57752] | INFO  | Registering hooks for 'C:\WINDOWS\system32\d3d11.dll' ...
18:54:42:178 [57752] | INFO  | > Libraries loaded.
18:54:42:178 [57752] | INFO  | > Found 3 match(es). Installing ...
18:54:42:270 [57752] | INFO  | Registering hooks for 'C:\WINDOWS\system32\d3d12.dll' ...
18:54:42:270 [57752] | INFO  | > Delayed.
18:54:42:270 [57752] | INFO  | Registering hooks for 'C:\WINDOWS\system32\dxgi.dll' ...
18:54:42:270 [57752] | INFO  | > Delayed until first call to an exported function.
18:54:42:271 [57752] | INFO  | Registering hooks for 'openvr_api.dll' ...
18:54:42:271 [57752] | INFO  | > Delayed.
18:54:42:271 [57752] | INFO  | Initialized.
18:54:42:273 [57752] | INFO  | Redirecting RegisterClassExA(lpWndClassEx = 00000061EC4FFAE0 { "FixedHookStatusPipeOverlay", style = 0 }) ...
18:54:42:317 [57752] | INFO  | Redirecting D3D11CreateDeviceAndSwapChain(pAdapter = 0000000000000000, DriverType = 1, Software = 0000000000000000, Flags = 0x20, pFeatureLevels = 00000061EC4FF7F0, FeatureLevels = 2, SDKVersion = 7, pSwapChainDesc = 00000061EC4FF800, ppSwapChain = 00007FF75546AFD8, ppDevice = 00007FF75546AF58, pFeatureLevel = 00000061EC4FF7E8, ppImmediateContext = 00007FF75546AFC8) ...
18:54:42:319 [57752] | INFO  | Installing export hooks for 'C:\WINDOWS\system32\dxgi.dll' ...
18:54:42:320 [57752] | INFO  | > Found 5 match(es). Installing ...
18:54:42:320 [57752] | INFO  | Redirecting CreateDXGIFactory2(Flags = 0x80000000, riid = {7B7166EC-21C7-44AE-B21A-C9AE321AE369}, ppFactory = 00000061EC4FEFA8) ...
18:54:42:424 [57752] | INFO  | Installing delayed hooks for 'ws2_32.dll' (Just loaded via LoadLibrary('C:\WINDOWS\System32\WS2_32.dll')) ...
18:54:42:424 [57752] | INFO  | > Found 8 match(es). Installing ...
18:54:42:514 [57752] | INFO  | Installing delayed hooks for 'C:\WINDOWS\system32\dinput8.dll' (Just loaded via LoadLibrary('C:\WINDOWS\SYSTEM32\DINPUT8.dll')) ...
18:54:42:514 [57752] | INFO  | > Found 2 match(es). Installing ...
18:54:42:759 [57752] | INFO  | Redirecting CreateDXGIFactory1(riid = {770AAE78-F26F-4DBA-A829-253C83D1B387}, ppFactory = 00000061EC4FC518) ...
18:54:42:787 [57752] | INFO  | Using feature level b100.
18:54:42:788 [57752] | INFO  | Searching for add-ons (*.addon, *.addon64) in 'C:\Users\tetfy\OneDrive\Рабочий стол\QWLEY SHADE' ...
18:54:42:788 [57752] | INFO  | Calling IDXGIFactory::CreateSwapChain:
18:54:42:788 [57752] | INFO  | Redirecting IDXGIFactory::CreateSwapChain(this = 000001FEB42549C0, pDevice = 000001FEB40B0D00, pDesc = 00000061EC4FF800, ppSwapChain = 00007FF75546AFD8) ...
18:54:42:788 [57752] | INFO  | > Dumping swap chain description:
18:54:42:788 [57752] | INFO  |   +-----------------------------------------+-----------------------------------------+
18:54:42:789 [57752] | INFO  |   | Parameter                               | Value                                   |
18:54:42:789 [57752] | INFO  |   +-----------------------------------------+-----------------------------------------+
18:54:42:789 [57752] | INFO  |   | Width                                   | 1920                                    |
18:54:42:789 [57752] | INFO  |   | Height                                  | 1080                                    |
18:54:42:789 [57752] | INFO  |   | RefreshRate                             | 0                   0                   |
18:54:42:789 [57752] | INFO  |   | Format                                  | DXGI_FORMAT_R8G8B8A8_UNORM              |
18:54:42:789 [57752] | INFO  |   | ScanlineOrdering                        | 0                                       |
18:54:42:789 [57752] | INFO  |   | Scaling                                 | 0                                       |
18:54:42:789 [57752] | INFO  |   | SampleCount                             | 1                                       |
18:54:42:789 [57752] | INFO  |   | SampleQuality                           | 0                                       |
18:54:42:789 [57752] | INFO  |   | BufferUsage                             | 0x20                                    |
18:54:42:789 [57752] | INFO  |   | BufferCount                             | 2                                       |
18:54:42:789 [57752] | INFO  |   | OutputWindow                            | 0000000002400D10                        |
18:54:42:789 [57752] | INFO  |   | Windowed                                | TRUE                                    |
18:54:42:789 [57752] | INFO  |   | SwapEffect                              | 0                                       |
18:54:42:789 [57752] | INFO  |   | Flags                                   | 0                                       |
18:54:42:789 [57752] | INFO  |   +-----------------------------------------+-----------------------------------------+
18:54:42:794 [57752] | INFO  | Running on NVIDIA GeForce RTX 4070 SUPER Driver 616.64.
18:54:43:021 [57752] | INFO  | Recreated runtime environment on runtime 000001FEB42D8EB0 ('C:\Users\tetfy\OneDrive\Рабочий стол\QWLEY SHADE\ReShade.ini').
18:54:43:057 [50404] | INFO  | Successfully compiled 'C:\Users\tetfy\OneDrive\Рабочий стол\QWLEY SHADE\reshade-shaders\Shaders\Daodan\AspectRatioComposition.fx' in 0.013000 s.
18:54:43:058 [39424] | INFO  | Successfully compiled 'C:\Users\tetfy\OneDrive\Рабочий стол\QWLEY SHADE\reshade-shaders\Shaders\CorgiFX\StageDepthPlus.fx' in 0.014000 s.
18:54:43:060 [63776] | INFO  | Successfully compiled 'C:\Users\tetfy\OneDrive\Рабочий стол\QWLEY SHADE\reshade-shaders\Shaders\Fubax\AspectRatio.fx' in 0.015000 s.
18:54:43:061 [62152] | INFO  | Successfully compiled 'C:\Users\tetfy\OneDrive\Рабочий стол\QWLEY SHADE\reshade-shaders\Shaders\PD80\PD80_04_Color_Temperature.fx' in 0.015000 s.
18:54:43:062 [62336] | INFO  | Successfully compiled 'C:\Users\tetfy\OneDrive\Рабочий стол\QWLEY SHADE\reshade-shaders\Shaders\FXShaders\Cursor.fx' in 0.017000 s.
18:54:43:063 [56364] | INFO  | Successfully compiled 'C:\Users\tetfy\OneDrive\Рабочий стол\QWLEY SHADE\reshade-shaders\Shaders\METEOR\MartysMods_HALFTONE.fx' in 0.017000 s.
18:54:43:065 [24488] | INFO  | Successfully compiled 'C:\Users\tetfy\OneDrive\Рабочий стол\QWLEY SHADE\reshade-shaders\Shaders\Barbatos\BaBa_Sharpen_NIS.fx' in 0.021000 s.
18:54:43:066 [61940] | INFO  | Successfully compiled 'C:\Users\tetfy\OneDrive\Рабочий стол\QWLEY SHADE\reshade-shaders\Shaders\Insane-Shaders\Bessel_Bloom.fx' in 0.021000 s.
18:54:43:067 [60448] | INFO  | Successfully compiled 'C:\Users\tetfy\OneDrive\Рабочий стол\QWLEY SHADE\reshade-shaders\Shaders\AdaptiveSharpen.fx' in 0.022000 s.
18:54:43:068 [60496] | INFO  | Successfully compiled 'C:\Users\tetfy\OneDrive\Рабочий стол\QWLEY SHADE\reshade-shaders\Shaders\GShade-Shaders\Censor.fx' in 0.023000 s.
18:54:43:068 [33512] | INFO  | Successfully compiled 'C:\Users\tetfy\OneDrive\Рабочий стол\QWLEY SHADE\reshade-shaders\Shaders\GShade-Shaders\MaskGlowAdvanced.fx' in 0.023000 s.
18:54:43:071 [50404] | INFO  | Successfully compiled 'C:\Users\tetfy\OneDrive\Рабочий стол\QWLEY SHADE\reshade-shaders\Shaders\Daodan\ColorfulPoster.fx' in 0.013000 s.
18:54:43:079 [62336] | INFO  | Successfully compiled 'C:\Users\tetfy\OneDrive\Рабочий стол\QWLEY SHADE\reshade-shaders\Shaders\FXShaders\DepthAlpha.fx' in 0.017000 s.
18:54:43:080 [63776] | INFO  | Successfully compiled 'C:\Users\tetfy\OneDrive\Рабочий стол\QWLEY SHADE\reshade-shaders\Shaders\Fubax\BeforeAfter.fx' in 0.019000 s.
18:54:43:080 [27176] | INFO  | Successfully compiled 'C:\Users\tetfy\OneDrive\Рабочий стол\QWLEY SHADE\reshade-shaders\Shaders\RSRetroArch\VHS.fx' in 0.033000 s.
18:54:43:082 [44704] | INFO  | Successfully compiled 'C:\Users\tetfy\OneDrive\Рабочий стол\QWLEY SHADE\reshade-shaders\Shaders\SweetFX\Technicolor.fx' in 0.034000 s.
18:54:43:082 [50404] | INFO  | Successfully compiled 'C:\Users\tetfy\OneDrive\Рабочий стол\QWLEY SHADE\reshade-shaders\Shaders\Daodan\ColorIsolation.fx' in 0.010000 s.
18:54:43:083 [ 6984] | INFO  | Successfully compiled 'C:\Users\tetfy\OneDrive\Рабочий стол\QWLEY SHADE\reshade-shaders\Shaders\RSRetroArch\CRTPi.fx' in 0.036000 s.
18:54:43:084 [62152] | INFO  | Successfully compiled 'C:\Users\tetfy\OneDrive\Рабочий стол\QWLEY SHADE\reshade-shaders\Shaders\PD80\PD80_04_Contrast_Brightness_Saturation.fx' in 0.023000 s.
18:54:43:088 [61940] | INFO  | Successfully compiled 'C:\Users\tetfy\OneDrive\Рабочий стол\QWLEY SHADE\reshade-shaders\Shaders\Insane-Shaders\BilateralComic.fx' in 0.021000 s.
18:54:43:088 [60496] | INFO  | Successfully compiled 'C:\Users\tetfy\OneDrive\Рабочий стол\QWLEY SHADE\reshade-shaders\Shaders\GShade-Shaders\CEOG.fx' in 0.019000 s.
18:54:43:088 [24488] | INFO  | Successfully compiled 'C:\Users\tetfy\OneDrive\Рабочий стол\QWLEY SHADE\reshade-shaders\Shaders\Barbatos\BaBa_Sharpen_Residual.fx' in 0.022000 s.
18:54:43:091 [60448] | INFO  | Successfully compiled 'C:\Users\tetfy\OneDrive\Рабочий стол\QWLEY SHADE\reshade-shaders\Shaders\AmbientLight.fx' in 0.024000 s.
18:54:43:091 [63776] | INFO  | Successfully compiled 'C:\Users\tetfy\OneDrive\Рабочий стол\QWLEY SHADE\reshade-shaders\Shaders\Fubax\Chromakey.fx' in 0.010000 s.
18:54:43:092 [33512] | INFO  | Successfully compiled 'C:\Users\tetfy\OneDrive\Рабочий стол\QWLEY SHADE\reshade-shaders\Shaders\GShade-Shaders\MotionFocus.fx' in 0.023000 s.
18:54:43:095 [50404] | INFO  | Successfully compiled 'C:\Users\tetfy\OneDrive\Рабочий стол\QWLEY SHADE\reshade-shaders\Shaders\Daodan\Comic.fx' in 0.012000 s.
18:54:43:095 [62336] | INFO  | Successfully compiled 'C:\Users\tetfy\OneDrive\Рабочий стол\QWLEY SHADE\reshade-shaders\Shaders\FXShaders\Dither.fx' in 0.015000 s.
18:54:43:104 [60496] | INFO  | Successfully compiled 'C:\Users\tetfy\OneDrive\Рабочий стол\QWLEY SHADE\reshade-shaders\Shaders\GShade-Shaders\ChromaSubSampling.fx' in 0.015000 s.
18:54:43:104 [63776] | INFO  | Successfully compiled 'C:\Users\tetfy\OneDrive\Рабочий стол\QWLEY SHADE\reshade-shaders\Shaders\Fubax\ContrastSharpening.fx' in 0.012000 s.
18:54:43:105 [56364] | INFO  | Successfully compiled 'C:\Users\tetfy\OneDrive\Рабочий стол\QWLEY SHADE\reshade-shaders\Shaders\METEOR\MartysMods_LOCALLAPLACIAN.fx' in 0.040000 s.
18:54:43:107 [60448] | INFO  | Successfully compiled 'C:\Users\tetfy\OneDrive\Рабочий стол\QWLEY SHADE\reshade-shaders\Shaders\Anagrama\anamorpho.fx' in 0.015000 s.
18:54:43:107 [27176] | INFO  | Successfully compiled 'C:\Users\tetfy\OneDrive\Рабочий стол\QWLEY SHADE\reshade-shaders\Shaders\RSRetroArch\VHS_RA.fx' in 0.026000 s.
18:54:43:108 [50404] | WARN  | Successfully compiled 'C:\Users\tetfy\OneDrive\Рабочий стол\QWLEY SHADE\reshade-shaders\Shaders\Daodan\dev\DrawOverlay.fx' in 0.012000 s with warnings:
C:\Users\tetfy\OneDrive\Рабочий стол\QWLEY SHADE\reshade-shaders\Shaders\Daodan\dev\Tools.fxh(237, 55): warning X3206: implicit truncation of vector type
C:\Users\tetfy\OneDrive\Рабочий стол\QWLEY SHADE\reshade-shaders\Shaders\Daodan\dev\Tools.fxh(362, 30): warning X3206: implicit truncation of vector type

18:54:43:108 [33512] | INFO  | Successfully compiled 'C:\Users\tetfy\OneDrive\Рабочий стол\QWLEY SHADE\reshade-shaders\Shaders\GShade-Shaders\OrtonBloom.fx' in 0.015000 s.
18:54:43:108 [62152] | INFO  | Successfully compiled 'C:\Users\tetfy\OneDrive\Рабочий стол\QWLEY SHADE\reshade-shaders\Shaders\PD80\PD80_04_Magical_Rectangle.fx' in 0.023000 s.
18:54:43:111 [61940] | INFO  | Successfully compiled 'C:\Users\tetfy\OneDrive\Рабочий стол\QWLEY SHADE\reshade-shaders\Shaders\Insane-Shaders\BilateralCS.fx' in 0.023000 s.
18:54:43:111 [62336] | INFO  | Successfully compiled 'C:\Users\tetfy\OneDrive\Рабочий стол\QWLEY SHADE\reshade-shaders\Shaders\FXShaders\Flashlight.fx' in 0.015000 s.
18:54:43:111 [ 6984] | INFO  | Successfully compiled 'C:\Users\tetfy\OneDrive\Рабочий стол\QWLEY SHADE\reshade-shaders\Shaders\RSRetroArch\CRTPotatoCool.fx' in 0.028000 s.
18:54:43:114 [44704] | INFO  | Successfully compiled 'C:\Users\tetfy\OneDrive\Рабочий стол\QWLEY SHADE\reshade-shaders\Shaders\SweetFX\Technicolor2.fx' in 0.032000 s.
18:54:43:115 [63776] | INFO  | Successfully compiled 'C:\Users\tetfy\OneDrive\Рабочий стол\QWLEY SHADE\reshade-shaders\Shaders\Fubax\CurvedMonitor.fx' in 0.010000 s.
18:54:43:118 [50404] | INFO  | Successfully compiled 'C:\Users\tetfy\OneDrive\Рабочий стол\QWLEY SHADE\reshade-shaders\Shaders\Daodan\MeshEdges.fx' in 0.010000 s.
18:54:43:120 [60496] | INFO  | Successfully compiled 'C:\Users\tetfy\OneDrive\Рабочий стол\QWLEY SHADE\reshade-shaders\Shaders\GShade-Shaders\Clarity2.fx' in 0.015000 s.
18:54:43:124 [33512] | INFO  | Successfully compiled 'C:\Users\tetfy\OneDrive\Рабочий стол\QWLEY SHADE\reshade-shaders\Shaders\GShade-Shaders\PatternShading.fx' in 0.015000 s.
18:54:43:125 [62152] | INFO  | Successfully compiled 'C:\Users\tetfy\OneDrive\Рабочий стол\QWLEY SHADE\reshade-shaders\Shaders\PD80\PD80_04_Saturation_Limit.fx' in 0.015000 s.
18:54:43:126 [62336] | INFO  | Successfully compiled 'C:\Users\tetfy\OneDrive\Рабочий стол\QWLEY SHADE\reshade-shaders\Shaders\FXShaders\FlexibleCA.fx' in 0.014000 s.
18:54:43:126 [63776] | INFO  | Successfully compiled 'C:\Users\tetfy\OneDrive\Рабочий стол\QWLEY SHADE\reshade-shaders\Shaders\Fubax\FilmicAnamorphSharpen.fx' in 0.011000 s.
18:54:43:128 [60448] | INFO  | Successfully compiled 'C:\Users\tetfy\OneDrive\Рабочий стол\QWLEY SHADE\reshade-shaders\Shaders\Anagrama\blur.fx' in 0.021000 s.
18:54:43:130 [50404] | INFO  | Successfully compiled 'C:\Users\tetfy\OneDrive\Рабочий стол\QWLEY SHADE\reshade-shaders\Shaders\Daodan\MultiTonePoster.fx' in 0.010000 s.
18:54:43:131 [60496] | INFO  | Successfully compiled 'C:\Users\tetfy\OneDrive\Рабочий стол\QWLEY SHADE\reshade-shaders\Shaders\GShade-Shaders\ColorInversion.fx' in 0.011000 s.
18:54:43:133 [56364] | INFO  | Successfully compiled 'C:\Users\tetfy\OneDrive\Рабочий стол\QWLEY SHADE\reshade-shaders\Shaders\METEOR\MartysMods_LONGEXPOSURE.fx' in 0.026000 s.
18:54:43:135 [61940] | INFO  | Successfully compiled 'C:\Users\tetfy\OneDrive\Рабочий стол\QWLEY SHADE\reshade-shaders\Shaders\Insane-Shaders\CMAA_2.fx' in 0.023000 s.
18:54:43:136 [27176] | WARN  | Successfully compiled 'C:\Users\tetfy\OneDrive\Рабочий стол\QWLEY SHADE\reshade-shaders\Shaders\RSRetroArch\vt220.fx' in 0.028000 s with warnings:
C:\Users\tetfy\OneDrive\Рабочий стол\QWLEY SHADE\reshade-shaders\Shaders\RSRetroArch\vt220.fx(106, 16): warning X3206: implicit truncation of vector type
C:\Users\tetfy\OneDrive\Рабочий стол\QWLEY SHADE\reshade-shaders\Shaders\RSRetroArch\vt220.fx(107, 14): warning X3206: implicit truncation of vector type
C:\Users\tetfy\OneDrive\Рабочий стол\QWLEY SHADE\reshade-shaders\Shaders\RSRetroArch\vt220.fx(108, 8): warning X3206: implicit truncation of vector type

18:54:43:138 [63776] | INFO  | Successfully compiled 'C:\Users\tetfy\OneDrive\Рабочий стол\QWLEY SHADE\reshade-shaders\Shaders\Fubax\FilmicSharpen.fx' in 0.011000 s.
18:54:43:140 [62336] | INFO  | Successfully compiled 'C:\Users\tetfy\OneDrive\Рабочий стол\QWLEY SHADE\reshade-shaders\Shaders\FXShaders\FocalDOF.fx' in 0.013000 s.
18:54:43:140 [33512] | INFO  | Successfully compiled 'C:\Users\tetfy\OneDrive\Рабочий стол\QWLEY SHADE\reshade-shaders\Shaders\GShade-Shaders\Pirate_Bloom.fx' in 0.016000 s.
18:54:43:141 [50404] | WARN  | Successfully compiled 'C:\Users\tetfy\OneDrive\Рабочий стол\QWLEY SHADE\reshade-shaders\Shaders\Daodan\RemoveTint.fx' in 0.011000 s with warnings:
C:\Users\tetfy\OneDrive\Рабочий стол\QWLEY SHADE\reshade-shaders\Shaders\Daodan\RemoveTint.fx(69, 64): warning X3206: implicit truncation of vector type
C:\Users\tetfy\OneDrive\Рабочий стол\QWLEY SHADE\reshade-shaders\Shaders\Daodan\RemoveTint.fx(85, 76): warning X3206: implicit truncation of vector type
C:\Users\tetfy\OneDrive\Рабочий стол\QWLEY SHADE\reshade-shaders\Shaders\Daodan\RemoveTint.fx(100, 94): warning X3206: implicit truncation of vector type
C:\Users\tetfy\OneDrive\Рабочий стол\QWLEY SHADE\reshade-shaders\Shaders\Daodan\RemoveTint.fx(101, 94): warning X3206: implicit truncation of vector type
C:\Users\tetfy\OneDrive\Рабочий стол\QWLEY SHADE\reshade-shaders\Shaders\Daodan\RemoveTint.fx(110, 76): warning X3206: implicit truncation of vector type
C:\Users\tetfy\OneDrive\Рабочий стол\QWLEY SHADE\reshade-shaders\Shaders\Daodan\RemoveTint.fx(111, 76): warning X3206: implicit truncation of vector type
C:\Users\tetfy\OneDrive\Рабочий стол\QWLEY SHADE\reshade-shaders\Shaders\Daodan\RemoveTint.fx(116, 72): warning X3206: implicit truncation of vector type
C:\Users\tetfy\OneDrive\Рабочий стол\QWLEY SHADE\reshade-shaders\Shaders\Daodan\RemoveTint.fx(117, 72): warning X3206: implicit truncation of vector type

18:54:43:141 [60496] | INFO  | Successfully compiled 'C:\Users\tetfy\OneDrive\Рабочий стол\QWLEY SHADE\reshade-shaders\Shaders\GShade-Shaders\ColorMod.fx' in 0.010000 s.
18:54:43:141 [24488] | INFO  | Successfully compiled 'C:\Users\tetfy\OneDrive\Рабочий стол\QWLEY SHADE\reshade-shaders\Shaders\Barbatos\BaBa_SSR.fx' in 0.052000 s.
18:54:43:142 [62152] | INFO  | Successfully compiled 'C:\Users\tetfy\OneDrive\Рабочий стол\QWLEY SHADE\reshade-shaders\Shaders\PD80\PD80_04_Selective_Color.fx' in 0.016000 s.
18:54:43:145 [ 6984] | INFO  | Successfully compiled 'C:\Users\tetfy\OneDrive\Рабочий стол\QWLEY SHADE\reshade-shaders\Shaders\RSRetroArch\CRTPotatoWarm.fx' in 0.033000 s.
18:54:43:148 [44704] | INFO  | Successfully compiled 'C:\Users\tetfy\OneDrive\Рабочий стол\QWLEY SHADE\reshade-shaders\Shaders\SweetFX\Tonemap.fx' in 0.033000 s.
18:54:43:148 [63776] | INFO  | Successfully compiled 'C:\Users\tetfy\OneDrive\Рабочий стол\QWLEY SHADE\reshade-shaders\Shaders\Fubax\Flipbook.fx' in 0.009000 s.
18:54:43:150 [56364] | INFO  | Successfully compiled 'C:\Users\tetfy\OneDrive\Рабочий стол\QWLEY SHADE\reshade-shaders\Shaders\METEOR\MartysMods_NVSHARPEN.fx' in 0.016000 s.
18:54:43:151 [50404] | INFO  | Successfully compiled 'C:\Users\tetfy\OneDrive\Рабочий стол\QWLEY SHADE\reshade-shaders\Shaders\Daodan\RetroTint.fx' in 0.009000 s.
18:54:43:152 [62336] | INFO  | Successfully compiled 'C:\Users\tetfy\OneDrive\Рабочий стол\QWLEY SHADE\reshade-shaders\Shaders\FXShaders\FramerateLimiter.fx' in 0.011000 s.
18:54:43:153 [60496] | INFO  | Successfully compiled 'C:\Users\tetfy\OneDrive\Рабочий стол\QWLEY SHADE\reshade-shaders\Shaders\GShade-Shaders\ColorToAlpha.fx' in 0.010000 s.
18:54:43:154 [59664] | INFO  | Successfully compiled 'C:\Users\tetfy\OneDrive\Рабочий стол\QWLEY SHADE\reshade-shaders\Shaders\ReShade_HDR_shaders\lilium__hdr_brightness_adjustment.fx' in 0.108000 s.
18:54:43:156 [61940] | INFO  | Successfully compiled 'C:\Users\tetfy\OneDrive\Рабочий стол\QWLEY SHADE\reshade-shaders\Shaders\Insane-Shaders\ContrastStretch.fx' in 0.021000 s.
18:54:43:159 [63776] | INFO  | Successfully compiled 'C:\Users\tetfy\OneDrive\Рабочий стол\QWLEY SHADE\reshade-shaders\Shaders\Fubax\Image.fx' in 0.010000 s.
18:54:43:160 [27176] | WARN  | Successfully compiled 'C:\Users\tetfy\OneDrive\Рабочий стол\QWLEY SHADE\reshade-shaders\Shaders\RSRetroArch\vt220_frame.fx' in 0.024000 s with warnings:
C:\Users\tetfy\OneDrive\Рабочий стол\QWLEY SHADE\reshade-shaders\Shaders\RSRetroArch\vt220_frame.fx(80, 16): warning X3206: implicit truncation of vector type

18:54:43:162 [50404] | INFO  | Successfully compiled 'C:\Users\tetfy\OneDrive\Рабочий стол\QWLEY SHADE\reshade-shaders\Shaders\Deband.fx' in 0.010000 s.
18:54:43:163 [60496] | INFO  | Successfully compiled 'C:\Users\tetfy\OneDrive\Рабочий стол\QWLEY SHADE\reshade-shaders\Shaders\GShade-Shaders\ColShift.fx' in 0.011000 s.
18:54:43:165 [ 6984] | INFO  | Successfully compiled 'C:\Users\tetfy\OneDrive\Рабочий стол\QWLEY SHADE\reshade-shaders\Shaders\RSRetroArch\CRTRefresh.fx' in 0.019000 s.
18:54:43:165 [60448] | INFO  | Successfully compiled 'C:\Users\tetfy\OneDrive\Рабочий стол\QWLEY SHADE\reshade-shaders\Shaders\Anagrama\hyperblur.fx' in 0.036000 s.
18:54:43:166 [62152] | INFO  | Successfully compiled 'C:\Users\tetfy\OneDrive\Рабочий стол\QWLEY SHADE\reshade-shaders\Shaders\PD80\PD80_04_Selective_Color_v2.fx' in 0.023000 s.
18:54:43:166 [62336] | INFO  | Successfully compiled 'C:\Users\tetfy\OneDrive\Рабочий стол\QWLEY SHADE\reshade-shaders\Shaders\FXShaders\HexLensFlare.fx' in 0.014000 s.
18:54:43:166 [33512] | INFO  | Successfully compiled 'C:\Users\tetfy\OneDrive\Рабочий стол\QWLEY SHADE\reshade-shaders\Shaders\GShade-Shaders\Pirate_Depth_DOF.fx' in 0.025000 s.
18:54:43:166 [44704] | INFO  | Successfully compiled 'C:\Users\tetfy\OneDrive\Рабочий стол\QWLEY SHADE\reshade-shaders\Shaders\SweetFX\Vibrance.fx' in 0.018000 s.
18:54:43:170 [63776] | INFO  | Successfully compiled 'C:\Users\tetfy\OneDrive\Рабочий стол\QWLEY SHADE\reshade-shaders\Shaders\Fubax\Interlaced.fx' in 0.010000 s.
18:54:43:173 [50404] | INFO  | Successfully compiled 'C:\Users\tetfy\OneDrive\Рабочий стол\QWLEY SHADE\reshade-shaders\Shaders\Denoise.fx' in 0.011000 s.
18:54:43:175 [60496] | INFO  | Successfully compiled 'C:\Users\tetfy\OneDrive\Рабочий стол\QWLEY SHADE\reshade-shaders\Shaders\GShade-Shaders\Composition.fx' in 0.011000 s.
18:54:43:178 [56364] | INFO  | Successfully compiled 'C:\Users\tetfy\OneDrive\Рабочий стол\QWLEY SHADE\reshade-shaders\Shaders\METEOR\MartysMods_SCENEWEAVER.fx' in 0.027000 s.
18:54:43:178 [61940] | INFO  | Successfully compiled 'C:\Users\tetfy\OneDrive\Рабочий стол\QWLEY SHADE\reshade-shaders\Shaders\Insane-Shaders\DeepFry.fx' in 0.021000 s.
18:54:43:180 [62152] | INFO  | Successfully compiled 'C:\Users\tetfy\OneDrive\Рабочий стол\QWLEY SHADE\reshade-shaders\Shaders\PD80\PD80_04_Technicolor.fx' in 0.014000 s.
18:54:43:182 [60448] | INFO  | Successfully compiled 'C:\Users\tetfy\OneDrive\Рабочий стол\QWLEY SHADE\reshade-shaders\Shaders\Ann-ReShade\BAYER.fx' in 0.016000 s.
18:54:43:182 [62336] | INFO  | Successfully compiled 'C:\Users\tetfy\OneDrive\Рабочий стол\QWLEY SHADE\reshade-shaders\Shaders\FXShaders\LiquidLens.fx' in 0.016000 s.
18:54:43:183 [27176] | WARN  | Successfully compiled 'C:\Users\tetfy\OneDrive\Рабочий стол\QWLEY SHADE\reshade-shaders\Shaders\RSRetroArch\vt220_night.fx' in 0.021000 s with warnings:
C:\Users\tetfy\OneDrive\Рабочий стол\QWLEY SHADE\reshade-shaders\Shaders\RSRetroArch\vt220_night.fx(164, 16): warning X3206: implicit truncation of vector type
C:\Users\tetfy\OneDrive\Рабочий стол\QWLEY SHADE\reshade-shaders\Shaders\RSRetroArch\vt220_night.fx(165, 14): warning X3206: implicit truncation of vector type
C:\Users\tetfy\OneDrive\Рабочий стол\QWLEY SHADE\reshade-shaders\Shaders\RSRetroArch\vt220_night.fx(166, 8): warning X3206: implicit truncation of vector type

18:54:43:183 [63776] | INFO  | Successfully compiled 'C:\Users\tetfy\OneDrive\Рабочий стол\QWLEY SHADE\reshade-shaders\Shaders\Fubax\LensDistort.fx' in 0.013000 s.
18:54:43:183 [33512] | INFO  | Successfully compiled 'C:\Users\tetfy\OneDrive\Рабочий стол\QWLEY SHADE\reshade-shaders\Shaders\GShade-Shaders\Pirate_Depth_GI.fx' in 0.017000 s.
18:54:43:186 [60496] | INFO  | Successfully compiled 'C:\Users\tetfy\OneDrive\Рабочий стол\QWLEY SHADE\reshade-shaders\Shaders\GShade-Shaders\CrossProcess.fx' in 0.011000 s.
18:54:43:190 [24488] | INFO  | Successfully compiled 'C:\Users\tetfy\OneDrive\Рабочий стол\QWLEY SHADE\reshade-shaders\Shaders\Barbatos\BaBa_SSR_Lite.fx' in 0.047000 s.
18:54:43:193 [62152] | INFO  | Successfully compiled 'C:\Users\tetfy\OneDrive\Рабочий стол\QWLEY SHADE\reshade-shaders\Shaders\PD80\PD80_05_Sharpening.fx' in 0.012000 s.
18:54:43:194 [63776] | INFO  | Successfully compiled 'C:\Users\tetfy\OneDrive\Рабочий стол\QWLEY SHADE\reshade-shaders\Shaders\Fubax\Letterbox.fx' in 0.010000 s.
18:54:43:198 [60448] | INFO  | Successfully compiled 'C:\Users\tetfy\OneDrive\Рабочий стол\QWLEY SHADE\reshade-shaders\Shaders\Ann-ReShade\CMYK.fx' in 0.015000 s.
18:54:43:199 [44704] | INFO  | Successfully compiled 'C:\Users\tetfy\OneDrive\Рабочий стол\QWLEY SHADE\reshade-shaders\Shaders\SweetFX\Vignette.fx' in 0.031000 s.
18:54:43:200 [56364] | INFO  | Successfully compiled 'C:\Users\tetfy\OneDrive\Рабочий стол\QWLEY SHADE\reshade-shaders\Shaders\METEOR\MartysMods_TODDYHANCER.fx' in 0.022000 s.
18:54:43:204 [33512] | INFO  | Successfully compiled 'C:\Users\tetfy\OneDrive\Рабочий стол\QWLEY SHADE\reshade-shaders\Shaders\GShade-Shaders\Pirate_FXAA.fx' in 0.019000 s.
18:54:43:204 [27176] | INFO  | Successfully compiled 'C:\Users\tetfy\OneDrive\Рабочий стол\QWLEY SHADE\reshade-shaders\Shaders\RSRetroArch\zfast_crt.fx' in 0.020000 s.
18:54:43:204 [62152] | INFO  | Successfully compiled 'C:\Users\tetfy\OneDrive\Рабочий стол\QWLEY SHADE\reshade-shaders\Shaders\PD80\PD80_06_Chromatic_Aberration.fx' in 0.011000 s.
18:54:43:205 [63776] | INFO  | Successfully compiled 'C:\Users\tetfy\OneDrive\Рабочий стол\QWLEY SHADE\reshade-shaders\Shaders\Fubax\LUTTools.fx' in 0.010000 s.
18:54:43:206 [62336] | INFO  | Successfully compiled 'C:\Users\tetfy\OneDrive\Рабочий стол\QWLEY SHADE\reshade-shaders\Shaders\FXShaders\MagicHDR.fx' in 0.022000 s.
18:54:43:206 [ 6984] | INFO  | Successfully compiled 'C:\Users\tetfy\OneDrive\Рабочий стол\QWLEY SHADE\reshade-shaders\Shaders\RSRetroArch\CRTSim.fx' in 0.040000 s.
18:54:43:207 [61940] | INFO  | Successfully compiled 'C:\Users\tetfy\OneDrive\Рабочий стол\QWLEY SHADE\reshade-shaders\Shaders\Insane-Shaders\Dehaze.fx' in 0.029000 s.
18:54:43:209 [60448] | INFO  | Successfully compiled 'C:\Users\tetfy\OneDrive\Рабочий стол\QWLEY SHADE\reshade-shaders\Shaders\Ann-ReShade\DINN - BASE.fx' in 0.011000 s.
18:54:43:210 [60496] | INFO  | Successfully compiled 'C:\Users\tetfy\OneDrive\Рабочий стол\QWLEY SHADE\reshade-shaders\Shaders\GShade-Shaders\CRTGeomMOD.fx' in 0.023000 s.
18:54:43:212 [24488] | INFO  | Successfully compiled 'C:\Users\tetfy\OneDrive\Рабочий стол\QWLEY SHADE\reshade-shaders\Shaders\Barbatos\BaBa_VividTone.fx' in 0.021000 s.
18:54:43:215 [63776] | INFO  | Successfully compiled 'C:\Users\tetfy\OneDrive\Рабочий стол\QWLEY SHADE\reshade-shaders\Shaders\Fubax\MonitorGamma.fx' in 0.011000 s.
18:54:43:216 [56364] | INFO  | Successfully compiled 'C:\Users\tetfy\OneDrive\Рабочий стол\QWLEY SHADE\reshade-shaders\Shaders\NightVision.fx' in 0.015000 s.
18:54:43:216 [62152] | INFO  | Successfully compiled 'C:\Users\tetfy\OneDrive\Рабочий стол\QWLEY SHADE\reshade-shaders\Shaders\PD80\PD80_06_Depth_Slicer.fx' in 0.012000 s.
18:54:43:218 [62336] | INFO  | Successfully compiled 'C:\Users\tetfy\OneDrive\Рабочий стол\QWLEY SHADE\reshade-shaders\Shaders\FXShaders\MBMB.fx' in 0.012000 s.
18:54:43:222 [60496] | INFO  | Successfully compiled 'C:\Users\tetfy\OneDrive\Рабочий стол\QWLEY SHADE\reshade-shaders\Shaders\GShade-Shaders\Deblur.fx' in 0.012000 s.
18:54:43:222 [44704] | INFO  | Successfully compiled 'C:\Users\tetfy\OneDrive\Рабочий стол\QWLEY SHADE\reshade-shaders\Shaders\UIMask.fx' in 0.023000 s.
18:54:43:227 [60448] | INFO  | Successfully compiled 'C:\Users\tetfy\OneDrive\Рабочий стол\QWLEY SHADE\reshade-shaders\Shaders\Ann-ReShade\DINN - DIFF.fx' in 0.016000 s.
18:54:43:228 [56364] | INFO  | Successfully compiled 'C:\Users\tetfy\OneDrive\Рабочий стол\QWLEY SHADE\reshade-shaders\Shaders\OtisFX\AdaptiveFog.fx' in 0.011000 s.
18:54:43:228 [62336] | INFO  | Successfully compiled 'C:\Users\tetfy\OneDrive\Рабочий стол\QWLEY SHADE\reshade-shaders\Shaders\FXShaders\MinimalColorGrading.fx' in 0.010000 s.
18:54:43:228 [63776] | INFO  | Successfully compiled 'C:\Users\tetfy\OneDrive\Рабочий стол\QWLEY SHADE\reshade-shaders\Shaders\Fubax\PerfectPerspective_Cinema.fx' in 0.012000 s.
18:54:43:228 [61940] | INFO  | Successfully compiled 'C:\Users\tetfy\OneDrive\Рабочий стол\QWLEY SHADE\reshade-shaders\Shaders\Insane-Shaders\GaussianBlurCS.fx' in 0.021000 s.
18:54:43:230 [33512] | INFO  | Successfully compiled 'C:\Users\tetfy\OneDrive\Рабочий стол\QWLEY SHADE\reshade-shaders\Shaders\GShade-Shaders\PPFX_Bloom.fx' in 0.026000 s.
18:54:43:231 [62152] | INFO  | Successfully compiled 'C:\Users\tetfy\OneDrive\Рабочий стол\QWLEY SHADE\reshade-shaders\Shaders\PD80\PD80_06_Film_Grain.fx' in 0.014000 s.
18:54:43:233 [60496] | INFO  | Successfully compiled 'C:\Users\tetfy\OneDrive\Рабочий стол\QWLEY SHADE\reshade-shaders\Shaders\GShade-Shaders\DepthSharpen.fx' in 0.010000 s.
18:54:43:236 [ 6984] | WARN  | Successfully compiled 'C:\Users\tetfy\OneDrive\Рабочий стол\QWLEY SHADE\reshade-shaders\Shaders\RSRetroArch\Deconverge.fx' in 0.030000 s with warnings:
C:\Users\tetfy\OneDrive\Рабочий стол\QWLEY SHADE\reshade-shaders\Shaders\RSRetroArch\Deconverge.fx(80, 17): warning X3206: implicit truncation of vector type
C:\Users\tetfy\OneDrive\Рабочий стол\QWLEY SHADE\reshade-shaders\Shaders\RSRetroArch\Deconverge.fx(81, 17): warning X3206: implicit truncation of vector type
C:\Users\tetfy\OneDrive\Рабочий стол\QWLEY SHADE\reshade-shaders\Shaders\RSRetroArch\Deconverge.fx(88, 17): warning X3206: implicit truncation of vector type
C:\Users\tetfy\OneDrive\Рабочий стол\QWLEY SHADE\reshade-shaders\Shaders\RSRetroArch\Deconverge.fx(89, 17): warning X3206: implicit truncation of vector type

18:54:43:240 [62336] | INFO  | Successfully compiled 'C:\Users\tetfy\OneDrive\Рабочий стол\QWLEY SHADE\reshade-shaders\Shaders\FXShaders\MultiFX.fx' in 0.011000 s.
18:54:43:243 [63776] | INFO  | Successfully compiled 'C:\Users\tetfy\OneDrive\Рабочий стол\QWLEY SHADE\reshade-shaders\Shaders\Fubax\PerfectPerspective_Dual.fx' in 0.013000 s.
18:54:43:243 [60448] | INFO  | Successfully compiled 'C:\Users\tetfy\OneDrive\Рабочий стол\QWLEY SHADE\reshade-shaders\Shaders\Ann-ReShade\DINN - GAUSS.fx' in 0.015000 s.
18:54:43:244 [62152] | INFO  | Successfully compiled 'C:\Users\tetfy\OneDrive\Рабочий стол\QWLEY SHADE\reshade-shaders\Shaders\PD80\PD80_06_Luma_Fade.fx' in 0.012000 s.
18:54:43:244 [27176] | WARN  | Successfully compiled 'C:\Users\tetfy\OneDrive\Рабочий стол\QWLEY SHADE\reshade-shaders\Shaders\SHADERDECK\SHADERDECK\ATMOSPHERE.fx' in 0.039000 s with warnings:
C:\Users\tetfy\OneDrive\Рабочий стол\QWLEY SHADE\reshade-shaders\Shaders\SHADERDECK\SHADERDECK\Include/Functions/GaussianBlurBounds.fxh(41, 8): warning X3206: implicit truncation of vector type
C:\Users\tetfy\OneDrive\Рабочий стол\QWLEY SHADE\reshade-shaders\Shaders\SHADERDECK\SHADERDECK\Include/Functions/GaussianBlurBounds.fxh(84, 8): warning X3206: implicit truncation of vector type
C:\Users\tetfy\OneDrive\Рабочий стол\QWLEY SHADE\reshade-shaders\Shaders\SHADERDECK\SHADERDECK\ATMOSPHERE.fx(135, 15): warning X3206: implicit truncation of vector type
C:\Users\tetfy\OneDrive\Рабочий стол\QWLEY SHADE\reshade-shaders\Shaders\SHADERDECK\SHADERDECK\ATMOSPHERE.fx(141, 15): warning X3206: implicit truncation of vector type
C:\Users\tetfy\OneDrive\Рабочий стол\QWLEY SHADE\reshade-shaders\Shaders\SHADERDECK\SHADERDECK\ATMOSPHERE.fx(235, 24): warning X3206: implicit truncation of vector type
C:\Users\tetfy\OneDrive\Рабочий стол\QWLEY SHADE\reshade-shaders\Shaders\SHADERDECK\SHADERDECK\ATMOSPHERE.fx(245, 21): warning X3206: implicit truncation of vector type

18:54:43:245 [50404] | INFO  | Successfully compiled 'C:\Users\tetfy\OneDrive\Рабочий стол\QWLEY SHADE\reshade-shaders\Shaders\Depth3D\SuperDepth3D.fx' in 0.072000 s.
18:54:43:246 [60496] | INFO  | Successfully compiled 'C:\Users\tetfy\OneDrive\Рабочий стол\QWLEY SHADE\reshade-shaders\Shaders\GShade-Shaders\DepthSharpenStaticDof.fx' in 0.012000 s.
18:54:43:246 [44704] | INFO  | Successfully compiled 'C:\Users\tetfy\OneDrive\Рабочий стол\QWLEY SHADE\reshade-shaders\Shaders\verfx\faithful_composite_decode.fx' in 0.022000 s.
18:54:43:247 [24488] | INFO  | Successfully compiled 'C:\Users\tetfy\OneDrive\Рабочий стол\QWLEY SHADE\reshade-shaders\Shaders\Barbatos\BaBa_XeGTAO.fx' in 0.034000 s.
18:54:43:248 [61940] | INFO  | Successfully compiled 'C:\Users\tetfy\OneDrive\Рабочий стол\QWLEY SHADE\reshade-shaders\Shaders\Insane-Shaders\Halftone.fx' in 0.018000 s.
18:54:43:249 [33512] | INFO  | Successfully compiled 'C:\Users\tetfy\OneDrive\Рабочий стол\QWLEY SHADE\reshade-shaders\Shaders\GShade-Shaders\PPFX_Godrays.fx' in 0.019000 s.
18:54:43:254 [56364] | INFO  | Successfully compiled 'C:\Users\tetfy\OneDrive\Рабочий стол\QWLEY SHADE\reshade-shaders\Shaders\OtisFX\CinematicDOF.fx' in 0.026000 s.
18:54:43:255 [62152] | INFO  | Successfully compiled 'C:\Users\tetfy\OneDrive\Рабочий стол\QWLEY SHADE\reshade-shaders\Shaders\PD80\PD80_06_Posterize_Pixelate.fx' in 0.011000 s.
18:54:43:256 [60448] | INFO  | Successfully compiled 'C:\Users\tetfy\OneDrive\Рабочий стол\QWLEY SHADE\reshade-shaders\Shaders\Ann-ReShade\PixelShifter.fx' in 0.013000 s.
18:54:43:256 [63776] | INFO  | Successfully compiled 'C:\Users\tetfy\OneDrive\Рабочий стол\QWLEY SHADE\reshade-shaders\Shaders\Fubax\PerfectPerspective_Fisheye.fx' in 0.014000 s.
18:54:43:258 [62336] | INFO  | Successfully compiled 'C:\Users\tetfy\OneDrive\Рабочий стол\QWLEY SHADE\reshade-shaders\Shaders\FXShaders\NeoBloom.fx' in 0.017000 s.
18:54:43:258 [ 6984] | INFO  | Successfully compiled 'C:\Users\tetfy\OneDrive\Рабочий стол\QWLEY SHADE\reshade-shaders\Shaders\RSRetroArch\Defocus.fx' in 0.021000 s.
18:54:43:258 [60496] | INFO  | Successfully compiled 'C:\Users\tetfy\OneDrive\Рабочий стол\QWLEY SHADE\reshade-shaders\Shaders\GShade-Shaders\DisplayMod.fx' in 0.012000 s.
18:54:43:264 [59664] | INFO  | Successfully compiled 'C:\Users\tetfy\OneDrive\Рабочий стол\QWLEY SHADE\reshade-shaders\Shaders\ReShade_HDR_shaders\lilium__inverse_tone_mapping.fx' in 0.108000 s.
18:54:43:264 [56364] | INFO  | Successfully compiled 'C:\Users\tetfy\OneDrive\Рабочий стол\QWLEY SHADE\reshade-shaders\Shaders\OtisFX\DepthDarkness.fx' in 0.009000 s.
18:54:43:264 [50404] | INFO  | Successfully compiled 'C:\Users\tetfy\OneDrive\Рабочий стол\QWLEY SHADE\reshade-shaders\Shaders\DH\dh_ahoh.fx' in 0.018000 s.
18:54:43:268 [63776] | INFO  | Successfully compiled 'C:\Users\tetfy\OneDrive\Рабочий стол\QWLEY SHADE\reshade-shaders\Shaders\Fubax\Prism.fx' in 0.010000 s.
18:54:43:269 [24488] | INFO  | Successfully compiled 'C:\Users\tetfy\OneDrive\Рабочий стол\QWLEY SHADE\reshade-shaders\Shaders\BFBFX\AO.fx' in 0.022000 s.
18:54:43:270 [61940] | INFO  | Successfully compiled 'C:\Users\tetfy\OneDrive\Рабочий стол\QWLEY SHADE\reshade-shaders\Shaders\Insane-Shaders\LocalContrastCS.fx' in 0.022000 s.
18:54:43:270 [44704] | INFO  | Successfully compiled 'C:\Users\tetfy\OneDrive\Рабочий стол\QWLEY SHADE\reshade-shaders\Shaders\verfx\faithful_composite_encode.fx' in 0.023000 s.
18:54:43:271 [60496] | INFO  | Successfully compiled 'C:\Users\tetfy\OneDrive\Рабочий стол\QWLEY SHADE\reshade-shaders\Shaders\GShade-Shaders\DropShadow.fx' in 0.012000 s.
18:54:43:272 [62336] | INFO  | Successfully compiled 'C:\Users\tetfy\OneDrive\Рабочий стол\QWLEY SHADE\reshade-shaders\Shaders\FXShaders\NormalMap.fx' in 0.013000 s.
18:54:43:275 [33512] | INFO  | Successfully compiled 'C:\Users\tetfy\OneDrive\Рабочий стол\QWLEY SHADE\reshade-shaders\Shaders\GShade-Shaders\PPFX_SSDO.fx' in 0.025000 s.
18:54:43:276 [56364] | INFO  | Successfully compiled 'C:\Users\tetfy\OneDrive\Рабочий стол\QWLEY SHADE\reshade-shaders\Shaders\OtisFX\DepthHaze.fx' in 0.011000 s.
18:54:43:276 [60448] | INFO  | Successfully compiled 'C:\Users\tetfy\OneDrive\Рабочий стол\QWLEY SHADE\reshade-shaders\Shaders\AstrayFX\BloomingHDR.fx' in 0.020000 s.
18:54:43:279 [63776] | INFO  | Successfully compiled 'C:\Users\tetfy\OneDrive\Рабочий стол\QWLEY SHADE\reshade-shaders\Shaders\Fubax\SimpleGrain.fx' in 0.010000 s.
18:54:43:284 [60496] | INFO  | Successfully compiled 'C:\Users\tetfy\OneDrive\Рабочий стол\QWLEY SHADE\reshade-shaders\Shaders\GShade-Shaders\Emboss.fx' in 0.011000 s.
18:54:43:284 [62336] | INFO  | Successfully compiled 'C:\Users\tetfy\OneDrive\Рабочий стол\QWLEY SHADE\reshade-shaders\Shaders\FXShaders\Overlay.fx' in 0.011000 s.
18:54:43:286 [50404] | INFO  | Successfully compiled 'C:\Users\tetfy\OneDrive\Рабочий стол\QWLEY SHADE\reshade-shaders\Shaders\DH\dh_ambient_remove.fx' in 0.020000 s.
18:54:43:287 [61940] | INFO  | Successfully compiled 'C:\Users\tetfy\OneDrive\Рабочий стол\QWLEY SHADE\reshade-shaders\Shaders\Insane-Shaders\Mouse.fx' in 0.015000 s.
18:54:43:288 [ 6984] | INFO  | Successfully compiled 'C:\Users\tetfy\OneDrive\Рабочий стол\QWLEY SHADE\reshade-shaders\Shaders\RSRetroArch\DOSGame.fx' in 0.028000 s.
18:54:43:289 [63776] | INFO  | Successfully compiled 'C:\Users\tetfy\OneDrive\Рабочий стол\QWLEY SHADE\reshade-shaders\Shaders\Fubax\SunsetFilter.fx' in 0.010000 s.
18:54:43:290 [56364] | INFO  | Successfully compiled 'C:\Users\tetfy\OneDrive\Рабочий стол\QWLEY SHADE\reshade-shaders\Shaders\OtisFX\DirectionalDepthBlur.fx' in 0.014000 s.
18:54:43:290 [27176] | WARN  | Successfully compiled 'C:\Users\tetfy\OneDrive\Рабочий стол\QWLEY SHADE\reshade-shaders\Shaders\SHADERDECK\SHADERDECK\FILMDECK.fx' in 0.046000 s with warnings:
C:\Users\tetfy\OneDrive\Рабочий стол\QWLEY SHADE\reshade-shaders\Shaders\SHADERDECK\SHADERDECK\Include/Functions/GaussianBlurBounds.fxh(41, 8): warning X3206: implicit truncation of vector type
C:\Users\tetfy\OneDrive\Рабочий стол\QWLEY SHADE\reshade-shaders\Shaders\SHADERDECK\SHADERDECK\Include/Functions/GaussianBlurBounds.fxh(84, 8): warning X3206: implicit truncation of vector type
C:\Users\tetfy\OneDrive\Рабочий стол\QWLEY SHADE\reshade-shaders\Shaders\SHADERDECK\SHADERDECK\FILMDECK.fx(496, 18): warning X3206: implicit truncation of vector type

18:54:43:293 [24488] | INFO  | Successfully compiled 'C:\Users\tetfy\OneDrive\Рабочий стол\QWLEY SHADE\reshade-shaders\Shaders\BFBFX\GI.fx' in 0.024000 s.
18:54:43:293 [60448] | INFO  | Successfully compiled 'C:\Users\tetfy\OneDrive\Рабочий стол\QWLEY SHADE\reshade-shaders\Shaders\AstrayFX\Clarity.fx' in 0.017000 s.
18:54:43:295 [62152] | INFO  | Successfully compiled 'C:\Users\tetfy\OneDrive\Рабочий стол\QWLEY SHADE\reshade-shaders\Shaders\potatoFX\pCamera.fx' in 0.039000 s.
18:54:43:295 [60496] | INFO  | Successfully compiled 'C:\Users\tetfy\OneDrive\Рабочий стол\QWLEY SHADE\reshade-shaders\Shaders\GShade-Shaders\ExtendedLevels.fx' in 0.012000 s.
18:54:43:297 [44704] | INFO  | Successfully compiled 'C:\Users\tetfy\OneDrive\Рабочий стол\QWLEY SHADE\reshade-shaders\Shaders\verfx\faithful_ntsc.fx' in 0.025000 s.
18:54:43:297 [62336] | INFO  | Successfully compiled 'C:\Users\tetfy\OneDrive\Рабочий стол\QWLEY SHADE\reshade-shaders\Shaders\FXShaders\PiecewiseFilmicTonemap.fx' in 0.012000 s.
18:54:43:300 [56364] | INFO  | Successfully compiled 'C:\Users\tetfy\OneDrive\Рабочий стол\QWLEY SHADE\reshade-shaders\Shaders\OtisFX\Emphasize.fx' in 0.010000 s.
18:54:43:302 [63776] | INFO  | Successfully compiled 'C:\Users\tetfy\OneDrive\Рабочий стол\QWLEY SHADE\reshade-shaders\Shaders\Fubax\TiltShift.fx' in 0.012000 s.
18:54:43:303 [33512] | INFO  | Successfully compiled 'C:\Users\tetfy\OneDrive\Рабочий стол\QWLEY SHADE\reshade-shaders\Shaders\GShade-Shaders\Reinhard.fx' in 0.027000 s.
18:54:43:306 [61940] | INFO  | Successfully compiled 'C:\Users\tetfy\OneDrive\Рабочий стол\QWLEY SHADE\reshade-shaders\Shaders\Insane-Shaders\Oilify.fx' in 0.019000 s.
18:54:43:308 [62152] | INFO  | Successfully compiled 'C:\Users\tetfy\OneDrive\Рабочий стол\QWLEY SHADE\reshade-shaders\Shaders\potatoFX\pColorNoise.fx' in 0.011000 s.
18:54:43:308 [60448] | INFO  | Successfully compiled 'C:\Users\tetfy\OneDrive\Рабочий стол\QWLEY SHADE\reshade-shaders\Shaders\AstrayFX\Depth_Cues.fx' in 0.014000 s.
18:54:43:308 [60496] | INFO  | Successfully compiled 'C:\Users\tetfy\OneDrive\Рабочий стол\QWLEY SHADE\reshade-shaders\Shaders\GShade-Shaders\FastSharpen.fx' in 0.012000 s.
18:54:43:310 [50404] | INFO  | Successfully compiled 'C:\Users\tetfy\OneDrive\Рабочий стол\QWLEY SHADE\reshade-shaders\Shaders\DH\dh_anime.fx' in 0.024000 s.
18:54:43:311 [56364] | INFO  | Successfully compiled 'C:\Users\tetfy\OneDrive\Рабочий стол\QWLEY SHADE\reshade-shaders\Shaders\OtisFX\GoldenRatio.fx' in 0.009000 s.
18:54:43:311 [62336] | WARN  | Successfully compiled 'C:\Users\tetfy\OneDrive\Рабочий стол\QWLEY SHADE\reshade-shaders\Shaders\FXShaders\Pong.fx' in 0.014000 s with warnings:
C:\Users\tetfy\OneDrive\Рабочий стол\QWLEY SHADE\reshade-shaders\Shaders\FXShaders\FXShaders/Digits.fxh(827, 31): warning X3206: implicit truncation of vector type
C:\Users\tetfy\OneDrive\Рабочий стол\QWLEY SHADE\reshade-shaders\Shaders\FXShaders\Pong.fx(244, 38): warning X3206: implicit truncation of vector type

18:54:43:312 [ 6984] | INFO  | Successfully compiled 'C:\Users\tetfy\OneDrive\Рабочий стол\QWLEY SHADE\reshade-shaders\Shaders\RSRetroArch\EGAfilter.fx' in 0.025000 s.
18:54:43:312 [59664] | INFO  | Successfully compiled 'C:\Users\tetfy\OneDrive\Рабочий стол\QWLEY SHADE\reshade-shaders\Shaders\ReShade_HDR_shaders\lilium__map_sdr_into_hdr.fx' in 0.047000 s.
18:54:43:313 [63776] | INFO  | Successfully compiled 'C:\Users\tetfy\OneDrive\Рабочий стол\QWLEY SHADE\reshade-shaders\Shaders\Fubax\TripleMonitor.fx' in 0.011000 s.
18:54:43:321 [60496] | INFO  | Successfully compiled 'C:\Users\tetfy\OneDrive\Рабочий стол\QWLEY SHADE\reshade-shaders\Shaders\GShade-Shaders\Fisheye Horizontal.fx' in 0.011000 s.
18:54:43:321 [62152] | INFO  | Successfully compiled 'C:\Users\tetfy\OneDrive\Рабочий стол\QWLEY SHADE\reshade-shaders\Shaders\potatoFX\pColors.fx' in 0.012000 s.
18:54:43:321 [60448] | INFO  | Successfully compiled 'C:\Users\tetfy\OneDrive\Рабочий стол\QWLEY SHADE\reshade-shaders\Shaders\AstrayFX\DLAA_Plus.fx' in 0.012000 s.
18:54:43:322 [56364] | INFO  | Successfully compiled 'C:\Users\tetfy\OneDrive\Рабочий стол\QWLEY SHADE\reshade-shaders\Shaders\OtisFX\Heightfog.fx' in 0.011000 s.
18:54:43:323 [62336] | INFO  | Successfully compiled 'C:\Users\tetfy\OneDrive\Рабочий стол\QWLEY SHADE\reshade-shaders\Shaders\FXShaders\RetroFog.fx' in 0.011000 s.
18:54:43:325 [27176] | INFO  | Successfully compiled 'C:\Users\tetfy\OneDrive\Рабочий стол\QWLEY SHADE\reshade-shaders\Shaders\SHADERDECK\SHADERDECK\FSR1_2X.fx' in 0.033000 s.
18:54:43:328 [63776] | INFO  | Successfully compiled 'C:\Users\tetfy\OneDrive\Рабочий стол\QWLEY SHADE\reshade-shaders\Shaders\Fubax\Vectorscope.fx' in 0.014000 s.
18:54:43:330 [50404] | INFO  | Successfully compiled 'C:\Users\tetfy\OneDrive\Рабочий стол\QWLEY SHADE\reshade-shaders\Shaders\DH\dh_canvas.fx' in 0.019000 s.
18:54:43:331 [60496] | INFO  | Successfully compiled 'C:\Users\tetfy\OneDrive\Рабочий стол\QWLEY SHADE\reshade-shaders\Shaders\GShade-Shaders\Fisheye Vertical.fx' in 0.010000 s.
18:54:43:333 [62152] | INFO  | Successfully compiled 'C:\Users\tetfy\OneDrive\Рабочий стол\QWLEY SHADE\reshade-shaders\Shaders\potatoFX\pPalettePosterize.fx' in 0.011000 s.
18:54:43:333 [56364] | INFO  | Successfully compiled 'C:\Users\tetfy\OneDrive\Рабочий стол\QWLEY SHADE\reshade-shaders\Shaders\OtisFX\MagicBorder.fx' in 0.010000 s.
18:54:43:335 [62336] | INFO  | Successfully compiled 'C:\Users\tetfy\OneDrive\Рабочий стол\QWLEY SHADE\reshade-shaders\Shaders\FXShaders\SCurve.fx' in 0.010000 s.
18:54:43:340 [60448] | INFO  | Successfully compiled 'C:\Users\tetfy\OneDrive\Рабочий стол\QWLEY SHADE\reshade-shaders\Shaders\AstrayFX\Flair.fx' in 0.018000 s.
18:54:43:341 [44704] | INFO  | Successfully compiled 'C:\Users\tetfy\OneDrive\Рабочий стол\QWLEY SHADE\reshade-shaders\Shaders\vort_Shaders\vort_Motion.fx' in 0.044000 s.
18:54:43:341 [63776] | INFO  | Successfully compiled 'C:\Users\tetfy\OneDrive\Рабочий стол\QWLEY SHADE\reshade-shaders\Shaders\Fubax\Waveform.fx' in 0.013000 s.
18:54:43:343 [56364] | INFO  | Successfully compiled 'C:\Users\tetfy\OneDrive\Рабочий стол\QWLEY SHADE\reshade-shaders\Shaders\OtisFX\MultiLUT.fx' in 0.010000 s.
18:54:43:343 [ 6984] | INFO  | Successfully compiled 'C:\Users\tetfy\OneDrive\Рабочий стол\QWLEY SHADE\reshade-shaders\Shaders\RSRetroArch\GTU.fx' in 0.030000 s.
18:54:43:344 [33512] | INFO  | Successfully compiled 'C:\Users\tetfy\OneDrive\Рабочий стол\QWLEY SHADE\reshade-shaders\Shaders\GShade-Shaders\RetroTV.fx' in 0.040000 s.
18:54:43:345 [62152] | INFO  | Successfully compiled 'C:\Users\tetfy\OneDrive\Рабочий стол\QWLEY SHADE\reshade-shaders\Shaders\Ptho-FX\DownsampleSSAA.fx' in 0.011000 s.
18:54:43:345 [60496] | INFO  | Successfully compiled 'C:\Users\tetfy\OneDrive\Рабочий стол\QWLEY SHADE\reshade-shaders\Shaders\GShade-Shaders\GAUSSIAN.fx' in 0.013000 s.
18:54:43:347 [62336] | INFO  | Successfully compiled 'C:\Users\tetfy\OneDrive\Рабочий стол\QWLEY SHADE\reshade-shaders\Shaders\FXShaders\Sketch.fx' in 0.013000 s.
18:54:43:354 [63776] | INFO  | Successfully compiled 'C:\Users\tetfy\OneDrive\Рабочий стол\QWLEY SHADE\reshade-shaders\Shaders\Fubax\ZebraLines.fx' in 0.012000 s.
18:54:43:357 [61940] | INFO  | Successfully compiled 'C:\Users\tetfy\OneDrive\Рабочий стол\QWLEY SHADE\reshade-shaders\Shaders\Insane-Shaders\ReVeil.fx' in 0.049000 s.
18:54:43:358 [50404] | INFO  | Successfully compiled 'C:\Users\tetfy\OneDrive\Рабочий стол\QWLEY SHADE\reshade-shaders\Shaders\DH\dh_Lain.fx' in 0.027000 s.
18:54:43:360 [62152] | INFO  | Successfully compiled 'C:\Users\tetfy\OneDrive\Рабочий стол\QWLEY SHADE\reshade-shaders\Shaders\Pumbo\AdvancedAutoHDR.fx' in 0.014000 s.
18:54:43:360 [56364] | INFO  | Successfully compiled 'C:\Users\tetfy\OneDrive\Рабочий стол\QWLEY SHADE\reshade-shaders\Shaders\OtisFX\PandaFX.fx' in 0.016000 s.
18:54:43:361 [60496] | INFO  | Successfully compiled 'C:\Users\tetfy\OneDrive\Рабочий стол\QWLEY SHADE\reshade-shaders\Shaders\GShade-Shaders\GaussianBloom.fx' in 0.015000 s.
18:54:43:362 [62336] | INFO  | Successfully compiled 'C:\Users\tetfy\OneDrive\Рабочий стол\QWLEY SHADE\reshade-shaders\Shaders\FXShaders\TrackingRays.fx' in 0.013000 s.
18:54:43:363 [60448] | INFO  | Successfully compiled 'C:\Users\tetfy\OneDrive\Рабочий стол\QWLEY SHADE\reshade-shaders\Shaders\AstrayFX\GloomAO.fx' in 0.022000 s.
18:54:43:363 [59664] | INFO  | Successfully compiled 'C:\Users\tetfy\OneDrive\Рабочий стол\QWLEY SHADE\reshade-shaders\Shaders\ReShade_HDR_shaders\lilium__rcas_hdr.fx' in 0.048000 s.
18:54:43:364 [24488] | INFO  | Successfully compiled 'C:\Users\tetfy\OneDrive\Рабочий стол\QWLEY SHADE\reshade-shaders\Shaders\BFBFX\ZenWork.fx' in 0.069000 s.
18:54:43:364 [39424] | INFO  | Successfully compiled 'C:\Users\tetfy\OneDrive\Рабочий стол\QWLEY SHADE\reshade-shaders\Shaders\CRT-Royale\crt-royale.fx' in 0.305000 s.
18:54:43:366 [ 6984] | INFO  | Successfully compiled 'C:\Users\tetfy\OneDrive\Рабочий стол\QWLEY SHADE\reshade-shaders\Shaders\RSRetroArch\ImageAdjustment.fx' in 0.022000 s.
18:54:43:366 [63776] | INFO  | Successfully compiled 'C:\Users\tetfy\OneDrive\Рабочий стол\QWLEY SHADE\reshade-shaders\Shaders\FXShaders\AdaptiveTonemapper.fx' in 0.011000 s.
18:54:43:369 [33512] | INFO  | Successfully compiled 'C:\Users\tetfy\OneDrive\Рабочий стол\QWLEY SHADE\reshade-shaders\Shaders\GShade-Shaders\SimpleBloom.fx' in 0.025000 s.
18:54:43:371 [60496] | INFO  | Successfully compiled 'C:\Users\tetfy\OneDrive\Рабочий стол\QWLEY SHADE\reshade-shaders\Shaders\GShade-Shaders\GlobalAlpha.fx' in 0.010000 s.
18:54:43:373 [62152] | INFO  | Successfully compiled 'C:\Users\tetfy\OneDrive\Рабочий стол\QWLEY SHADE\reshade-shaders\Shaders\Pumbo\ConvertColorSpace.fx' in 0.012000 s.
18:54:43:373 [56364] | INFO  | Successfully compiled 'C:\Users\tetfy\OneDrive\Рабочий стол\QWLEY SHADE\reshade-shaders\Shaders\PD80\PD80_01A_RT_Correct_Contrast.fx' in 0.012000 s.
18:54:43:374 [60448] | INFO  | Successfully compiled 'C:\Users\tetfy\OneDrive\Рабочий стол\QWLEY SHADE\reshade-shaders\Shaders\AstrayFX\NFAA.fx' in 0.010000 s.
18:54:43:377 [50404] | INFO  | Successfully compiled 'C:\Users\tetfy\OneDrive\Рабочий стол\QWLEY SHADE\reshade-shaders\Shaders\DH\dh_pastel_bug.fx' in 0.018000 s.
18:54:43:377 [61940] | INFO  | Successfully compiled 'C:\Users\tetfy\OneDrive\Рабочий стол\QWLEY SHADE\reshade-shaders\Shaders\Insane-Shaders\SharpContrast.fx' in 0.019000 s.
18:54:43:377 [44704] | INFO  | Successfully compiled 'C:\Users\tetfy\OneDrive\Рабочий стол\QWLEY SHADE\reshade-shaders\Shaders\vort_Shaders\vort_Static.fx' in 0.034000 s.
18:54:43:378 [62336] | INFO  | Successfully compiled 'C:\Users\tetfy\OneDrive\Рабочий стол\QWLEY SHADE\reshade-shaders\Shaders\FXShaders\UnrealLens.fx' in 0.016000 s.
18:54:43:385 [63776] | INFO  | Successfully compiled 'C:\Users\tetfy\OneDrive\Рабочий стол\QWLEY SHADE\reshade-shaders\Shaders\FXShaders\ArcaneBloom.fx' in 0.018000 s.
18:54:43:386 [24488] | INFO  | Successfully compiled 'C:\Users\tetfy\OneDrive\Рабочий стол\QWLEY SHADE\reshade-shaders\Shaders\Bloom.fx' in 0.021000 s.
18:54:43:387 [56364] | INFO  | Successfully compiled 'C:\Users\tetfy\OneDrive\Рабочий стол\QWLEY SHADE\reshade-shaders\Shaders\PD80\PD80_01B_RT_Correct_Color.fx' in 0.014000 s.
18:54:43:387 [60496] | INFO  | Successfully compiled 'C:\Users\tetfy\OneDrive\Рабочий стол\QWLEY SHADE\reshade-shaders\Shaders\GShade-Shaders\GuestCRT.fx' in 0.015000 s.
18:54:43:387 [ 6984] | WARN  | Successfully compiled 'C:\Users\tetfy\OneDrive\Рабочий стол\QWLEY SHADE\reshade-shaders\Shaders\RSRetroArch\JPEG.fx' in 0.021000 s with warnings:
C:\Users\tetfy\OneDrive\Рабочий стол\QWLEY SHADE\reshade-shaders\Shaders\RSRetroArch\JPEG.fx(79, 29): warning X3206: implicit truncation of vector type

18:54:43:389 [33512] | INFO  | Successfully compiled 'C:\Users\tetfy\OneDrive\Рабочий стол\QWLEY SHADE\reshade-shaders\Shaders\GShade-Shaders\SkySave.fx' in 0.020000 s.
18:54:43:389 [62152] | INFO  | Successfully compiled 'C:\Users\tetfy\OneDrive\Рабочий стол\QWLEY SHADE\reshade-shaders\Shaders\qUINT\qUINT_bloom.fx' in 0.017000 s.
18:54:43:392 [61940] | INFO  | Successfully compiled 'C:\Users\tetfy\OneDrive\Рабочий стол\QWLEY SHADE\reshade-shaders\Shaders\Insane-Shaders\UIMaskCreator.fx' in 0.016000 s.
18:54:43:394 [50404] | INFO  | Successfully compiled 'C:\Users\tetfy\OneDrive\Рабочий стол\QWLEY SHADE\reshade-shaders\Shaders\DH\dh_sync.fx' in 0.018000 s.
18:54:43:395 [63776] | INFO  | Successfully compiled 'C:\Users\tetfy\OneDrive\Рабочий стол\QWLEY SHADE\reshade-shaders\Shaders\FXShaders\ArtisticVignette.fx' in 0.009000 s.
18:54:43:396 [62336] | INFO  | Successfully compiled 'C:\Users\tetfy\OneDrive\Рабочий стол\QWLEY SHADE\reshade-shaders\Shaders\FXShaders\Unsharp.fx' in 0.018000 s.
18:54:43:397 [56364] | INFO  | Successfully compiled 'C:\Users\tetfy\OneDrive\Рабочий стол\QWLEY SHADE\reshade-shaders\Shaders\PD80\PD80_01_Color_Gamut.fx' in 0.010000 s.
18:54:43:397 [24488] | INFO  | Successfully compiled 'C:\Users\tetfy\OneDrive\Рабочий стол\QWLEY SHADE\reshade-shaders\Shaders\brussell\AreaCopy.fx' in 0.011000 s.
18:54:43:400 [39424] | INFO  | Successfully compiled 'C:\Users\tetfy\OneDrive\Рабочий стол\QWLEY SHADE\reshade-shaders\Shaders\CShade\cAutoExposure.fx' in 0.034000 s.
18:54:43:400 [60496] | INFO  | Successfully compiled 'C:\Users\tetfy\OneDrive\Рабочий стол\QWLEY SHADE\reshade-shaders\Shaders\GShade-Shaders\Halation.fx' in 0.013000 s.
18:54:43:401 [62152] | INFO  | Successfully compiled 'C:\Users\tetfy\OneDrive\Рабочий стол\QWLEY SHADE\reshade-shaders\Shaders\qUINT\qUINT_deband.fx' in 0.010000 s.
18:54:43:401 [60448] | WARN  | Successfully compiled 'C:\Users\tetfy\OneDrive\Рабочий стол\QWLEY SHADE\reshade-shaders\Shaders\AstrayFX\RadiantGI.fx' in 0.027000 s with warnings:
C:\Users\tetfy\OneDrive\Рабочий стол\QWLEY SHADE\reshade-shaders\Shaders\AstrayFX\RadiantGI.fx(305, 1): error X3020: 'V__PCGIcurrColorTex': cannot sample from texture that is also used as render target in the same pass

18:54:43:402 [33512] | INFO  | Successfully compiled 'C:\Users\tetfy\OneDrive\Рабочий стол\QWLEY SHADE\reshade-shaders\Shaders\GShade-Shaders\SmartDeNoise.fx' in 0.012000 s.
18:54:43:405 [61940] | INFO  | Successfully compiled 'C:\Users\tetfy\OneDrive\Рабочий стол\QWLEY SHADE\reshade-shaders\Shaders\Insane-Shaders\VRS_Map.fx' in 0.012000 s.
18:54:43:405 [63776] | INFO  | Successfully compiled 'C:\Users\tetfy\OneDrive\Рабочий стол\QWLEY SHADE\reshade-shaders\Shaders\FXShaders\AspectRatioSuite.fx' in 0.010000 s.
18:54:43:406 [44704] | INFO  | Successfully compiled 'C:\Users\tetfy\OneDrive\Рабочий стол\QWLEY SHADE\reshade-shaders\Shaders\VRToolkit\VRToolkit.fx' in 0.029000 s.
18:54:43:409 [62336] | INFO  | Successfully compiled 'C:\Users\tetfy\OneDrive\Рабочий стол\QWLEY SHADE\reshade-shaders\Shaders\FXShaders\VirtualResolution.fx' in 0.012000 s.
18:54:43:410 [24488] | INFO  | Successfully compiled 'C:\Users\tetfy\OneDrive\Рабочий стол\QWLEY SHADE\reshade-shaders\Shaders\brussell\AreaDiscard.fx' in 0.012000 s.
18:54:43:413 [56364] | INFO  | Successfully compiled 'C:\Users\tetfy\OneDrive\Рабочий стол\QWLEY SHADE\reshade-shaders\Shaders\PD80\PD80_02_Bloom.fx' in 0.015000 s.
18:54:43:414 [33512] | INFO  | Successfully compiled 'C:\Users\tetfy\OneDrive\Рабочий стол\QWLEY SHADE\reshade-shaders\Shaders\GShade-Shaders\SmartNoise.fx' in 0.011000 s.
18:54:43:414 [60496] | INFO  | Successfully compiled 'C:\Users\tetfy\OneDrive\Рабочий стол\QWLEY SHADE\reshade-shaders\Shaders\GShade-Shaders\HueFX.fx' in 0.013000 s.
18:54:43:415 [63776] | INFO  | Successfully compiled 'C:\Users\tetfy\OneDrive\Рабочий стол\QWLEY SHADE\reshade-shaders\Shaders\FXShaders\Checkerboard.fx' in 0.009000 s.
18:54:43:415 [61940] | INFO  | Successfully compiled 'C:\Users\tetfy\OneDrive\Рабочий стол\QWLEY SHADE\reshade-shaders\Shaders\LevelsPlus.fx' in 0.010000 s.
18:54:43:416 [60448] | INFO  | Successfully compiled 'C:\Users\tetfy\OneDrive\Рабочий стол\QWLEY SHADE\reshade-shaders\Shaders\AstrayFX\Smart_Sharp.fx' in 0.014000 s.
18:54:43:417 [62152] | INFO  | Successfully compiled 'C:\Users\tetfy\OneDrive\Рабочий стол\QWLEY SHADE\reshade-shaders\Shaders\qUINT\qUINT_dof.fx' in 0.016000 s.
18:54:43:422 [62336] | INFO  | Successfully compiled 'C:\Users\tetfy\OneDrive\Рабочий стол\QWLEY SHADE\reshade-shaders\Shaders\FXShaders\WhitepointFixer.fx' in 0.012000 s.
18:54:43:422 [50404] | INFO  | Successfully compiled 'C:\Users\tetfy\OneDrive\Рабочий стол\QWLEY SHADE\reshade-shaders\Shaders\DH\dh_uber_mask.fx' in 0.027000 s.
18:54:43:426 [56364] | INFO  | Successfully compiled 'C:\Users\tetfy\OneDrive\Рабочий стол\QWLEY SHADE\reshade-shaders\Shaders\PD80\PD80_02_Bonus_LUT_pack.fx' in 0.011000 s.
18:54:43:426 [24488] | INFO  | Successfully compiled 'C:\Users\tetfy\OneDrive\Рабочий стол\QWLEY SHADE\reshade-shaders\Shaders\brussell\EyeAdaption.fx' in 0.014000 s.
18:54:43:426 [33512] | INFO  | Successfully compiled 'C:\Users\tetfy\OneDrive\Рабочий стол\QWLEY SHADE\reshade-shaders\Shaders\GShade-Shaders\Spotlight.fx' in 0.011000 s.
18:54:43:428 [60496] | INFO  | Successfully compiled 'C:\Users\tetfy\OneDrive\Рабочий стол\QWLEY SHADE\reshade-shaders\Shaders\GShade-Shaders\ImageSharpening.fx' in 0.012000 s.
18:54:43:428 [63776] | INFO  | Successfully compiled 'C:\Users\tetfy\OneDrive\Рабочий стол\QWLEY SHADE\reshade-shaders\Shaders\FXShaders\ColorLab.fx' in 0.011000 s.
18:54:43:430 [61940] | INFO  | Successfully compiled 'C:\Users\tetfy\OneDrive\Рабочий стол\QWLEY SHADE\reshade-shaders\Shaders\LightDoF.fx' in 0.013000 s.
18:54:43:432 [62152] | INFO  | Successfully compiled 'C:\Users\tetfy\OneDrive\Рабочий стол\QWLEY SHADE\reshade-shaders\Shaders\qUINT\qUINT_lightroom.fx' in 0.014000 s.
18:54:43:433 [ 6984] | WARN  | Successfully compiled 'C:\Users\tetfy\OneDrive\Рабочий стол\QWLEY SHADE\reshade-shaders\Shaders\RSRetroArch\LeiFX_OA.fx' in 0.043000 s with warnings:
C:\Users\tetfy\OneDrive\Рабочий стол\QWLEY SHADE\reshade-shaders\Shaders\RSRetroArch\LeiFX_OA.fx(121, 14): warning X3206: implicit truncation of vector type
C:\Users\tetfy\OneDrive\Рабочий стол\QWLEY SHADE\reshade-shaders\Shaders\RSRetroArch\LeiFX_OA.fx(272, 16): warning X3206: implicit truncation of vector type

18:54:43:433 [60448] | INFO  | Successfully compiled 'C:\Users\tetfy\OneDrive\Рабочий стол\QWLEY SHADE\reshade-shaders\Shaders\AstrayFX\Temporal_AA.fx' in 0.015000 s.
18:54:43:437 [56364] | INFO  | Successfully compiled 'C:\Users\tetfy\OneDrive\Рабочий стол\QWLEY SHADE\reshade-shaders\Shaders\PD80\PD80_02_Cinetools_LUT.fx' in 0.011000 s.
18:54:43:437 [62336] | INFO  | Successfully compiled 'C:\Users\tetfy\OneDrive\Рабочий стол\QWLEY SHADE\reshade-shaders\Shaders\GaussianBlur.fx' in 0.014000 s.
18:54:43:437 [24488] | INFO  | Successfully compiled 'C:\Users\tetfy\OneDrive\Рабочий стол\QWLEY SHADE\reshade-shaders\Shaders\brussell\UIDetect.fx' in 0.012000 s.
18:54:43:441 [33512] | INFO  | Successfully compiled 'C:\Users\tetfy\OneDrive\Рабочий стол\QWLEY SHADE\reshade-shaders\Shaders\GShade-Shaders\StageDepth.fx' in 0.015000 s.
18:54:43:442 [63776] | INFO  | Successfully compiled 'C:\Users\tetfy\OneDrive\Рабочий стол\QWLEY SHADE\reshade-shaders\Shaders\FXShaders\CRT_Lottes.fx' in 0.013000 s.
18:54:43:442 [60496] | INFO  | Successfully compiled 'C:\Users\tetfy\OneDrive\Рабочий стол\QWLEY SHADE\reshade-shaders\Shaders\GShade-Shaders\Interlacing.fx' in 0.013000 s.
18:54:43:445 [44704] | INFO  | Successfully compiled 'C:\Users\tetfy\OneDrive\Рабочий стол\QWLEY SHADE\reshade-shaders\Shaders\Warp-FX\BulgePinch.fx' in 0.037000 s.
18:54:43:447 [60448] | INFO  | Successfully compiled 'C:\Users\tetfy\OneDrive\Рабочий стол\QWLEY SHADE\reshade-shaders\Shaders\AstrayFX\Trails.fx' in 0.013000 s.
18:54:43:447 [62152] | INFO  | Successfully compiled 'C:\Users\tetfy\OneDrive\Рабочий стол\QWLEY SHADE\reshade-shaders\Shaders\qUINT\qUINT_mxao.fx' in 0.014000 s.
18:54:43:447 [56364] | INFO  | Successfully compiled 'C:\Users\tetfy\OneDrive\Рабочий стол\QWLEY SHADE\reshade-shaders\Shaders\PD80\PD80_02_LUT_Creator.fx' in 0.009000 s.
18:54:43:449 [61940] | INFO  | Successfully compiled 'C:\Users\tetfy\OneDrive\Рабочий стол\QWLEY SHADE\reshade-shaders\Shaders\LumeniteFX\lumenite_AnamorphicBloom.fx' in 0.018000 s.
18:54:43:452 [62336] | INFO  | Successfully compiled 'C:\Users\tetfy\OneDrive\Рабочий стол\QWLEY SHADE\reshade-shaders\Shaders\Glitch.fx' in 0.013000 s.
18:54:43:453 [60496] | INFO  | Successfully compiled 'C:\Users\tetfy\OneDrive\Рабочий стол\QWLEY SHADE\reshade-shaders\Shaders\GShade-Shaders\KeepUI.fx' in 0.010000 s.
18:54:43:453 [63776] | INFO  | Successfully compiled 'C:\Users\tetfy\OneDrive\Рабочий стол\QWLEY SHADE\reshade-shaders\Shaders\FXShaders\CRT_Yee64.fx' in 0.010000 s.
18:54:43:456 [33512] | INFO  | Successfully compiled 'C:\Users\tetfy\OneDrive\Рабочий стол\QWLEY SHADE\reshade-shaders\Shaders\GShade-Shaders\SurfaceBlur.fx' in 0.014000 s.
18:54:43:457 [ 6984] | INFO  | Successfully compiled 'C:\Users\tetfy\OneDrive\Рабочий стол\QWLEY SHADE\reshade-shaders\Shaders\RSRetroArch\MattiasCRT.fx' in 0.023000 s.
18:54:43:458 [24488] | INFO  | Successfully compiled 'C:\Users\tetfy\OneDrive\Рабочий стол\QWLEY SHADE\reshade-shaders\Shaders\BX-Shade\BX_ToyCurveTool.fx' in 0.019000 s.
18:54:43:458 [62152] | INFO  | Successfully compiled 'C:\Users\tetfy\OneDrive\Рабочий стол\QWLEY SHADE\reshade-shaders\Shaders\qUINT\qUINT_sharp.fx' in 0.010000 s.
18:54:43:458 [59664] | INFO  | Successfully compiled 'C:\Users\tetfy\OneDrive\Рабочий стол\QWLEY SHADE\reshade-shaders\Shaders\ReShade_HDR_shaders\lilium__sdr_trc_fix.fx' in 0.092000 s.
18:54:43:459 [56364] | INFO  | Successfully compiled 'C:\Users\tetfy\OneDrive\Рабочий стол\QWLEY SHADE\reshade-shaders\Shaders\PD80\PD80_03_Color_Space_Curves.fx' in 0.012000 s.
18:54:43:462 [63776] | INFO  | Successfully compiled 'C:\Users\tetfy\OneDrive\Рабочий стол\QWLEY SHADE\reshade-shaders\Shaders\FXShaders\CRT_Yeetron.fx' in 0.009000 s.
18:54:43:463 [60448] | INFO  | Successfully compiled 'C:\Users\tetfy\OneDrive\Рабочий стол\QWLEY SHADE\reshade-shaders\Shaders\Barbatos\BaBa_Deband.fx' in 0.016000 s.
18:54:43:464 [50404] | INFO  | Successfully compiled 'C:\Users\tetfy\OneDrive\Рабочий стол\QWLEY SHADE\reshade-shaders\Shaders\DH\dh_uber_motion.fx' in 0.040000 s.
18:54:43:465 [60496] | INFO  | Successfully compiled 'C:\Users\tetfy\OneDrive\Рабочий стол\QWLEY SHADE\reshade-shaders\Shaders\GShade-Shaders\LevelIO.fx' in 0.012000 s.
18:54:43:466 [33512] | INFO  | Successfully compiled 'C:\Users\tetfy\OneDrive\Рабочий стол\QWLEY SHADE\reshade-shaders\Shaders\GShade-Shaders\ThreeColorGradient.fx' in 0.010000 s.
18:54:43:470 [56364] | INFO  | Successfully compiled 'C:\Users\tetfy\OneDrive\Рабочий стол\QWLEY SHADE\reshade-shaders\Shaders\PD80\PD80_03_Curved_Levels.fx' in 0.010000 s.
18:54:43:471 [62336] | INFO  | Successfully compiled 'C:\Users\tetfy\OneDrive\Рабочий стол\QWLEY SHADE\reshade-shaders\Shaders\GShade-Shaders\4xBRZ.fx' in 0.019000 s.
18:54:43:471 [62152] | INFO  | Successfully compiled 'C:\Users\tetfy\OneDrive\Рабочий стол\QWLEY SHADE\reshade-shaders\Shaders\qUINT\qUINT_ssr.fx' in 0.013000 s.
18:54:43:476 [61940] | INFO  | Successfully compiled 'C:\Users\tetfy\OneDrive\Рабочий стол\QWLEY SHADE\reshade-shaders\Shaders\LumeniteFX\lumenite_Kernel.fx' in 0.026000 s.
18:54:43:477 [24488] | WARN  | Successfully compiled 'C:\Users\tetfy\OneDrive\Рабочий стол\QWLEY SHADE\reshade-shaders\Shaders\BX-Shade\BX_XChannelCurve.fx' in 0.019000 s with warnings:
C:\Users\tetfy\OneDrive\Рабочий стол\QWLEY SHADE\reshade-shaders\Shaders\BX-Shade\BX_XChannelCurve.fx(732, 19): warning X3206: implicit truncation of vector type

18:54:43:477 [60496] | INFO  | Successfully compiled 'C:\Users\tetfy\OneDrive\Рабочий стол\QWLEY SHADE\reshade-shaders\Shaders\GShade-Shaders\LightPersistance.fx' in 0.012000 s.
18:54:43:479 [ 6984] | INFO  | Successfully compiled 'C:\Users\tetfy\OneDrive\Рабочий стол\QWLEY SHADE\reshade-shaders\Shaders\RSRetroArch\MCAmber.fx' in 0.022000 s.
18:54:43:481 [56364] | INFO  | Successfully compiled 'C:\Users\tetfy\OneDrive\Рабочий стол\QWLEY SHADE\reshade-shaders\Shaders\PD80\PD80_03_Filmic_Adaptation.fx' in 0.011000 s.
18:54:43:481 [39424] | INFO  | Successfully compiled 'C:\Users\tetfy\OneDrive\Рабочий стол\QWLEY SHADE\reshade-shaders\Shaders\CShade\cBloom.fx' in 0.080000 s.
18:54:43:482 [44704] | INFO  | Successfully compiled 'C:\Users\tetfy\OneDrive\Рабочий стол\QWLEY SHADE\reshade-shaders\Shaders\Warp-FX\Drunk.fx' in 0.037000 s.
18:54:43:483 [62152] | INFO  | Successfully compiled 'C:\Users\tetfy\OneDrive\Рабочий стол\QWLEY SHADE\reshade-shaders\Shaders\ReflectiveBumpMapping.fx' in 0.010000 s.
18:54:43:486 [33512] | INFO  | Successfully compiled 'C:\Users\tetfy\OneDrive\Рабочий стол\QWLEY SHADE\reshade-shaders\Shaders\GShade-Shaders\VerticalPreviewer.fx' in 0.019000 s.
18:54:43:490 [62336] | INFO  | Successfully compiled 'C:\Users\tetfy\OneDrive\Рабочий стол\QWLEY SHADE\reshade-shaders\Shaders\GShade-Shaders\AdaptiveColorGrading.fx' in 0.018000 s.
18:54:43:490 [24488] | INFO  | Successfully compiled 'C:\Users\tetfy\OneDrive\Рабочий стол\QWLEY SHADE\reshade-shaders\Shaders\BX-Shade\CubeLUT1D.fx' in 0.011000 s.
18:54:43:491 [60448] | INFO  | Successfully compiled 'C:\Users\tetfy\OneDrive\Рабочий стол\QWLEY SHADE\reshade-shaders\Shaders\Barbatos\BaBa_DLAA-T.fx' in 0.027000 s.
18:54:43:491 [56364] | INFO  | Successfully compiled 'C:\Users\tetfy\OneDrive\Рабочий стол\QWLEY SHADE\reshade-shaders\Shaders\PD80\PD80_03_Levels.fx' in 0.009000 s.
18:54:43:495 [62152] | INFO  | Successfully compiled 'C:\Users\tetfy\OneDrive\Рабочий стол\QWLEY SHADE\reshade-shaders\Shaders\Rendepth\Rendepth.fx' in 0.011000 s.
18:54:43:495 [61940] | INFO  | Successfully compiled 'C:\Users\tetfy\OneDrive\Рабочий стол\QWLEY SHADE\reshade-shaders\Shaders\LumeniteFX\lumenite_LSAO.fx' in 0.018000 s.
18:54:43:498 [60496] | INFO  | Successfully compiled 'C:\Users\tetfy\OneDrive\Рабочий стол\QWLEY SHADE\reshade-shaders\Shaders\GShade-Shaders\LocalContrast.fx' in 0.019000 s.
18:54:43:501 [24488] | INFO  | Successfully compiled 'C:\Users\tetfy\OneDrive\Рабочий стол\QWLEY SHADE\reshade-shaders\Shaders\BX-Shade\CubeLUT3D.fx' in 0.011000 s.
18:54:43:502 [60448] | INFO  | Successfully compiled 'C:\Users\tetfy\OneDrive\Рабочий стол\QWLEY SHADE\reshade-shaders\Shaders\Barbatos\BaBa_FakeHDR.fx' in 0.011000 s.
18:54:43:503 [ 6984] | INFO  | Successfully compiled 'C:\Users\tetfy\OneDrive\Рабочий стол\QWLEY SHADE\reshade-shaders\Shaders\RSRetroArch\MCGreen.fx' in 0.023000 s.
18:54:43:503 [56364] | INFO  | Successfully compiled 'C:\Users\tetfy\OneDrive\Рабочий стол\QWLEY SHADE\reshade-shaders\Shaders\PD80\PD80_03_Shadows_Midtones_Highlights.fx' in 0.012000 s.
18:54:43:511 [62336] | INFO  | Successfully compiled 'C:\Users\tetfy\OneDrive\Рабочий стол\QWLEY SHADE\reshade-shaders\Shaders\GShade-Shaders\Bumpmapping.fx' in 0.020000 s.
18:54:43:514 [44704] | INFO  | Successfully compiled 'C:\Users\tetfy\OneDrive\Рабочий стол\QWLEY SHADE\reshade-shaders\Shaders\Warp-FX\RadialSlitScan.fx' in 0.031000 s.
18:54:43:515 [60496] | INFO  | Successfully compiled 'C:\Users\tetfy\OneDrive\Рабочий стол\QWLEY SHADE\reshade-shaders\Shaders\GShade-Shaders\LumaLines.fx' in 0.016000 s.
18:54:43:516 [56364] | INFO  | Successfully compiled 'C:\Users\tetfy\OneDrive\Рабочий стол\QWLEY SHADE\reshade-shaders\Shaders\PD80\PD80_04_BlacknWhite.fx' in 0.012000 s.
18:54:43:516 [61940] | INFO  | Successfully compiled 'C:\Users\tetfy\OneDrive\Рабочий стол\QWLEY SHADE\reshade-shaders\Shaders\LumeniteFX\lumenite_QuantAO.fx' in 0.020000 s.
18:54:43:517 [24488] | INFO  | Successfully compiled 'C:\Users\tetfy\OneDrive\Рабочий стол\QWLEY SHADE\reshade-shaders\Shaders\CobraFX\CobraMask.fx' in 0.015000 s.
18:54:43:519 [33512] | INFO  | Successfully compiled 'C:\Users\tetfy\OneDrive\Рабочий стол\QWLEY SHADE\reshade-shaders\Shaders\GShade-Shaders\VHSPro.fx' in 0.033000 s.
18:54:43:526 [62336] | INFO  | Successfully compiled 'C:\Users\tetfy\OneDrive\Рабочий стол\QWLEY SHADE\reshade-shaders\Shaders\GShade-Shaders\CA.fx' in 0.014000 s.
18:54:43:526 [56364] | INFO  | Successfully compiled 'C:\Users\tetfy\OneDrive\Рабочий стол\QWLEY SHADE\reshade-shaders\Shaders\PD80\PD80_04_Color_Balance.fx' in 0.010000 s.
18:54:43:527 [ 6984] | INFO  | Successfully compiled 'C:\Users\tetfy\OneDrive\Рабочий стол\QWLEY SHADE\reshade-shaders\Shaders\RSRetroArch\MCOrange.fx' in 0.023000 s.
18:54:43:528 [62152] | INFO  | Successfully compiled 'C:\Users\tetfy\OneDrive\Рабочий стол\QWLEY SHADE\reshade-shaders\Shaders\ReShade_HDR_shaders\lilium__blue_noise_dithering.fx' in 0.033000 s.
18:54:43:528 [39424] | INFO  | Successfully compiled 'C:\Users\tetfy\OneDrive\Рабочий стол\QWLEY SHADE\reshade-shaders\Shaders\CShade\cBlurH.fx' in 0.046000 s.
18:54:43:531 [50404] | WARN  | Successfully compiled 'C:\Users\tetfy\OneDrive\Рабочий стол\QWLEY SHADE\reshade-shaders\Shaders\DH\dh_uber_rt.fx' in 0.066000 s with warnings:
C:\Users\tetfy\OneDrive\Рабочий стол\QWLEY SHADE\reshade-shaders\Shaders\DH\dh_uber_rt.fx(3397, 1): error X3020: 'V__DH_UBER_RT_0206__reinhardTex': cannot sample from texture that is also used as render target in the same pass

18:54:43:531 [60448] | INFO  | Successfully compiled 'C:\Users\tetfy\OneDrive\Рабочий стол\QWLEY SHADE\reshade-shaders\Shaders\Barbatos\BaBa_Flow.fx' in 0.028000 s.
18:54:43:534 [33512] | INFO  | Successfully compiled 'C:\Users\tetfy\OneDrive\Рабочий стол\QWLEY SHADE\reshade-shaders\Shaders\GShade-Shaders\WatchDogs.fx' in 0.013000 s.
18:54:43:535 [24488] | INFO  | Successfully compiled 'C:\Users\tetfy\OneDrive\Рабочий стол\QWLEY SHADE\reshade-shaders\Shaders\CobraFX\ColorSort_CS.fx' in 0.018000 s.
18:54:43:537 [61940] | INFO  | Successfully compiled 'C:\Users\tetfy\OneDrive\Рабочий стол\QWLEY SHADE\reshade-shaders\Shaders\LumeniteFX\lumenite_QuantMotion.fx' in 0.020000 s.
18:54:43:539 [56364] | INFO  | Successfully compiled 'C:\Users\tetfy\OneDrive\Рабочий стол\QWLEY SHADE\reshade-shaders\Shaders\PD80\PD80_04_Color_Gradients.fx' in 0.012000 s.
18:54:43:543 [44704] | INFO  | Successfully compiled 'C:\Users\tetfy\OneDrive\Рабочий стол\QWLEY SHADE\reshade-shaders\Shaders\Warp-FX\Ripple.fx' in 0.028000 s.
18:54:43:545 [62336] | INFO  | Successfully compiled 'C:\Users\tetfy\OneDrive\Рабочий стол\QWLEY SHADE\reshade-shaders\Shaders\GShade-Shaders\CathodeRayTube.fx' in 0.018000 s.
18:54:43:547 [24488] | INFO  | Successfully compiled 'C:\Users\tetfy\OneDrive\Рабочий стол\QWLEY SHADE\reshade-shaders\Shaders\CobraFX\Droste.fx' in 0.012000 s.
18:54:43:549 [56364] | INFO  | Successfully compiled 'C:\Users\tetfy\OneDrive\Рабочий стол\QWLEY SHADE\reshade-shaders\Shaders\PD80\PD80_04_Color_Isolation.fx' in 0.010000 s.
18:54:43:550 [50404] | INFO  | Successfully compiled 'C:\Users\tetfy\OneDrive\Рабочий стол\QWLEY SHADE\reshade-shaders\Shaders\DH\DH_UI_TextDetect.fx' in 0.018000 s.
18:54:43:551 [61940] | INFO  | Successfully compiled 'C:\Users\tetfy\OneDrive\Рабочий стол\QWLEY SHADE\reshade-shaders\Shaders\LumeniteFX\lumenite_RTAO.fx' in 0.014000 s.
18:54:43:551 [60448] | INFO  | Successfully compiled 'C:\Users\tetfy\OneDrive\Рабочий стол\QWLEY SHADE\reshade-shaders\Shaders\Barbatos\BaBa_Flow_Lite.fx' in 0.019000 s.
18:54:43:552 [33512] | INFO  | Successfully compiled 'C:\Users\tetfy\OneDrive\Рабочий стол\QWLEY SHADE\reshade-shaders\Shaders\GShade-Shaders\WinUaeMaskGlow.fx' in 0.018000 s.
18:54:43:557 [ 6984] | WARN  | Successfully compiled 'C:\Users\tetfy\OneDrive\Рабочий стол\QWLEY SHADE\reshade-shaders\Shaders\RSRetroArch\mdapt.fx' in 0.030000 s with warnings:
C:\Users\tetfy\OneDrive\Рабочий стол\QWLEY SHADE\reshade-shaders\Shaders\RSRetroArch\mdapt.fx(450, 1): error X3020: 'V__texMDAPTPassA': cannot sample from texture that is also used as render target in the same pass

18:54:43:561 [62152] | INFO  | Successfully compiled 'C:\Users\tetfy\OneDrive\Рабочий стол\QWLEY SHADE\reshade-shaders\Shaders\ReShade_HDR_shaders\lilium__cas_hdr.fx' in 0.032000 s.
18:54:43:564 [50404] | INFO  | Successfully compiled 'C:\Users\tetfy\OneDrive\Рабочий стол\QWLEY SHADE\reshade-shaders\Shaders\DH\dh_undither.fx' in 0.013000 s.
18:54:43:565 [24488] | INFO  | Successfully compiled 'C:\Users\tetfy\OneDrive\Рабочий стол\QWLEY SHADE\reshade-shaders\Shaders\CobraFX\Frequency_CS.fx' in 0.017000 s.
18:54:43:566 [33512] | INFO  | Successfully compiled 'C:\Users\tetfy\OneDrive\Рабочий стол\QWLEY SHADE\reshade-shaders\Shaders\HighPassSharpen.fx' in 0.013000 s.
18:54:43:566 [39424] | INFO  | Successfully compiled 'C:\Users\tetfy\OneDrive\Рабочий стол\QWLEY SHADE\reshade-shaders\Shaders\CShade\cBlurV.fx' in 0.037000 s.
18:54:43:566 [59664] | INFO  | Successfully compiled 'C:\Users\tetfy\OneDrive\Рабочий стол\QWLEY SHADE\reshade-shaders\Shaders\ReShade_HDR_shaders\lilium__test_pattern_generator.fx' in 0.105000 s.
18:54:43:567 [61940] | INFO  | Successfully compiled 'C:\Users\tetfy\OneDrive\Рабочий стол\QWLEY SHADE\reshade-shaders\Shaders\LumeniteFX\lumenite_SSSR.fx' in 0.015000 s.
18:54:43:568 [44704] | INFO  | Successfully compiled 'C:\Users\tetfy\OneDrive\Рабочий стол\QWLEY SHADE\reshade-shaders\Shaders\Warp-FX\SlitScan.fx' in 0.024000 s.
18:54:43:577 [ 6984] | INFO  | Successfully compiled 'C:\Users\tetfy\OneDrive\Рабочий стол\QWLEY SHADE\reshade-shaders\Shaders\RSRetroArch\MetaCRT.fx' in 0.018000 s.
18:54:43:578 [50404] | INFO  | Successfully compiled 'C:\Users\tetfy\OneDrive\Рабочий стол\QWLEY SHADE\reshade-shaders\Shaders\DH\dh_uniformity_correction.fx' in 0.013000 s.
18:54:43:579 [33512] | INFO  | Successfully compiled 'C:\Users\tetfy\OneDrive\Рабочий стол\QWLEY SHADE\reshade-shaders\Shaders\HQ4X.fx' in 0.013000 s.
18:54:43:580 [24488] | INFO  | Successfully compiled 'C:\Users\tetfy\OneDrive\Рабочий стол\QWLEY SHADE\reshade-shaders\Shaders\CobraFX\Gravity.fx' in 0.014000 s.
18:54:43:584 [61940] | INFO  | Successfully compiled 'C:\Users\tetfy\OneDrive\Рабочий стол\QWLEY SHADE\reshade-shaders\Shaders\LumeniteFX\lumenite_TRAA.fx' in 0.016000 s.
18:54:43:585 [60448] | INFO  | Successfully compiled 'C:\Users\tetfy\OneDrive\Рабочий стол\QWLEY SHADE\reshade-shaders\Shaders\Barbatos\BaBa_GI.fx' in 0.033000 s.
18:54:43:588 [44704] | INFO  | Successfully compiled 'C:\Users\tetfy\OneDrive\Рабочий стол\QWLEY SHADE\reshade-shaders\Shaders\Warp-FX\SplicedRadials.fx' in 0.019000 s.
18:54:43:591 [39424] | INFO  | Successfully compiled 'C:\Users\tetfy\OneDrive\Рабочий стол\QWLEY SHADE\reshade-shaders\Shaders\CShade\cCAS.fx' in 0.024000 s.
18:54:43:591 [33512] | INFO  | Successfully compiled 'C:\Users\tetfy\OneDrive\Рабочий стол\QWLEY SHADE\reshade-shaders\Shaders\HSLShift.fx' in 0.012000 s.
18:54:43:591 [50404] | INFO  | Successfully compiled 'C:\Users\tetfy\OneDrive\Рабочий стол\QWLEY SHADE\reshade-shaders\Shaders\DisplayDepth.fx' in 0.013000 s.
18:54:43:591 [ 6984] | INFO  | Successfully compiled 'C:\Users\tetfy\OneDrive\Рабочий стол\QWLEY SHADE\reshade-shaders\Shaders\RSRetroArch\MMJCelShader.fx' in 0.014000 s.
18:54:43:592 [62152] | INFO  | Successfully compiled 'C:\Users\tetfy\OneDrive\Рабочий стол\QWLEY SHADE\reshade-shaders\Shaders\ReShade_HDR_shaders\lilium__filmgrain.fx' in 0.030000 s.
18:54:43:594 [61940] | INFO  | Successfully compiled 'C:\Users\tetfy\OneDrive\Рабочий стол\QWLEY SHADE\reshade-shaders\Shaders\LUT.fx' in 0.010000 s.
18:54:43:599 [24488] | INFO  | Successfully compiled 'C:\Users\tetfy\OneDrive\Рабочий стол\QWLEY SHADE\reshade-shaders\Shaders\CobraFX\Gravity_CS.fx' in 0.018000 s.
18:54:43:605 [ 6984] | INFO  | Successfully compiled 'C:\Users\tetfy\OneDrive\Рабочий стол\QWLEY SHADE\reshade-shaders\Shaders\RSRetroArch\N64_3Point.fx' in 0.013000 s.
18:54:43:608 [44704] | INFO  | Successfully compiled 'C:\Users\tetfy\OneDrive\Рабочий стол\QWLEY SHADE\reshade-shaders\Shaders\Warp-FX\Swirl.fx' in 0.019000 s.
18:54:43:610 [61940] | INFO  | Successfully compiled 'C:\Users\tetfy\OneDrive\Рабочий стол\QWLEY SHADE\reshade-shaders\Shaders\MagicBloom.fx' in 0.015000 s.
18:54:43:611 [24488] | INFO  | Successfully compiled 'C:\Users\tetfy\OneDrive\Рабочий стол\QWLEY SHADE\reshade-shaders\Shaders\CobraFX\Greyscale.fx' in 0.013000 s.
18:54:43:611 [33512] | INFO  | Successfully compiled 'C:\Users\tetfy\OneDrive\Рабочий стол\QWLEY SHADE\reshade-shaders\Shaders\iMMERSE\MartysMods_FILMGRAIN.fx' in 0.021000 s.
18:54:43:613 [50404] | INFO  | Successfully compiled 'C:\Users\tetfy\OneDrive\Рабочий стол\QWLEY SHADE\reshade-shaders\Shaders\DOF.fx' in 0.021000 s.
18:54:43:617 [ 6984] | INFO  | Successfully compiled 'C:\Users\tetfy\OneDrive\Рабочий стол\QWLEY SHADE\reshade-shaders\Shaders\RSRetroArch\nGlide_3DFX.fx' in 0.012000 s.
18:54:43:618 [39424] | INFO  | Successfully compiled 'C:\Users\tetfy\OneDrive\Рабочий стол\QWLEY SHADE\reshade-shaders\Shaders\CShade\cCheckerBoard.fx' in 0.026000 s.
18:54:43:622 [59664] | INFO  | Successfully compiled 'C:\Users\tetfy\OneDrive\Рабочий стол\QWLEY SHADE\reshade-shaders\Shaders\ReShade_HDR_shaders\lilium__tone_mapping.fx' in 0.055000 s.
18:54:43:623 [50404] | INFO  | Successfully compiled 'C:\Users\tetfy\OneDrive\Рабочий стол\QWLEY SHADE\reshade-shaders\Shaders\FakeMotionBlur.fx' in 0.010000 s.
18:54:43:623 [44704] | INFO  | Successfully compiled 'C:\Users\tetfy\OneDrive\Рабочий стол\QWLEY SHADE\reshade-shaders\Shaders\Warp-FX\TinyPlanet.fx' in 0.015000 s.
18:54:43:625 [24488] | INFO  | Successfully compiled 'C:\Users\tetfy\OneDrive\Рабочий стол\QWLEY SHADE\reshade-shaders\Shaders\CobraFX\RealLongExposure.fx' in 0.013000 s.
18:54:43:628 [60448] | INFO  | Successfully compiled 'C:\Users\tetfy\OneDrive\Рабочий стол\QWLEY SHADE\reshade-shaders\Shaders\Barbatos\BaBa_Launcher.fx' in 0.042000 s.
18:54:43:631 [ 6984] | INFO  | Successfully compiled 'C:\Users\tetfy\OneDrive\Рабочий стол\QWLEY SHADE\reshade-shaders\Shaders\RSRetroArch\ntsc.fx' in 0.013000 s.
18:54:43:633 [50404] | INFO  | Successfully compiled 'C:\Users\tetfy\OneDrive\Рабочий стол\QWLEY SHADE\reshade-shaders\Shaders\FGFX\FGFXEnergyConservativeFilmGrain.fx' in 0.009000 s.
18:54:43:636 [24488] | INFO  | Successfully compiled 'C:\Users\tetfy\OneDrive\Рабочий стол\QWLEY SHADE\reshade-shaders\Shaders\Colourfulness.fx' in 0.009000 s.
18:54:43:637 [61940] | INFO  | Successfully compiled 'C:\Users\tetfy\OneDrive\Рабочий стол\QWLEY SHADE\reshade-shaders\Shaders\MaxG3D\HDRBloom.fx' in 0.026000 s.
18:54:43:637 [59664] | INFO  | Successfully compiled 'C:\Users\tetfy\OneDrive\Рабочий стол\QWLEY SHADE\reshade-shaders\Shaders\Retro Shaders\Retro Shaders\PS1Dither.fx' in 0.014000 s.
18:54:43:643 [44704] | INFO  | Successfully compiled 'C:\Users\tetfy\OneDrive\Рабочий стол\QWLEY SHADE\reshade-shaders\Shaders\Warp-FX\Wave.fx' in 0.019000 s.
18:54:43:646 [ 6984] | INFO  | Successfully compiled 'C:\Users\tetfy\OneDrive\Рабочий стол\QWLEY SHADE\reshade-shaders\Shaders\RSRetroArch\NTSC_RetroArch.fx' in 0.014000 s.
18:54:43:647 [50404] | INFO  | Successfully compiled 'C:\Users\tetfy\OneDrive\Рабочий стол\QWLEY SHADE\reshade-shaders\Shaders\FGFX\FGFXFastCascadedSeparableBlur16X.fx' in 0.014000 s.
18:54:43:648 [24488] | INFO  | Successfully compiled 'C:\Users\tetfy\OneDrive\Рабочий стол\QWLEY SHADE\reshade-shaders\Shaders\CorgiFX\AspectRatioMultiGrid.fx' in 0.011000 s.
18:54:43:649 [39424] | INFO  | Successfully compiled 'C:\Users\tetfy\OneDrive\Рабочий стол\QWLEY SHADE\reshade-shaders\Shaders\CShade\cDLAA.fx' in 0.030000 s.
18:54:43:651 [59664] | INFO  | Successfully compiled 'C:\Users\tetfy\OneDrive\Рабочий стол\QWLEY SHADE\reshade-shaders\Shaders\Retro Shaders\Retro Shaders\Resizer.fx' in 0.013000 s.
18:54:43:655 [61940] | INFO  | Successfully compiled 'C:\Users\tetfy\OneDrive\Рабочий стол\QWLEY SHADE\reshade-shaders\Shaders\MaxG3D\HDRMotionBlur.fx' in 0.017000 s.
18:54:43:658 [60448] | INFO  | Successfully compiled 'C:\Users\tetfy\OneDrive\Рабочий стол\QWLEY SHADE\reshade-shaders\Shaders\Barbatos\BaBa_MiAO.fx' in 0.029000 s.
18:54:43:661 [ 6984] | INFO  | Successfully compiled 'C:\Users\tetfy\OneDrive\Рабочий стол\QWLEY SHADE\reshade-shaders\Shaders\RSRetroArch\NTSC_RetroArch_NoScanlines.fx' in 0.014000 s.
18:54:43:663 [44704] | INFO  | Successfully compiled 'C:\Users\tetfy\OneDrive\Рабочий стол\QWLEY SHADE\reshade-shaders\Shaders\Warp-FX\ZigZag.fx' in 0.018000 s.
18:54:43:664 [24488] | INFO  | Successfully compiled 'C:\Users\tetfy\OneDrive\Рабочий стол\QWLEY SHADE\reshade-shaders\Shaders\CorgiFX\CanvasFog.fx' in 0.015000 s.
18:54:43:666 [50404] | INFO  | Successfully compiled 'C:\Users\tetfy\OneDrive\Рабочий стол\QWLEY SHADE\reshade-shaders\Shaders\FGFX\FGFXLargeScalePerceptualObscuranceIrradiance.fx' in 0.018000 s.
18:54:43:666 [27176] | INFO  | Successfully compiled 'C:\Users\tetfy\OneDrive\Рабочий стол\QWLEY SHADE\reshade-shaders\Shaders\Shades\Shades\shades_TFAA.fx' in 0.341000 s.
18:54:43:668 [33512] | INFO  | Successfully compiled 'C:\Users\tetfy\OneDrive\Рабочий стол\QWLEY SHADE\reshade-shaders\Shaders\iMMERSE\MartysMods_LAUNCHPAD.fx' in 0.055000 s.
18:54:43:668 [59664] | INFO  | Successfully compiled 'C:\Users\tetfy\OneDrive\Рабочий стол\QWLEY SHADE\reshade-shaders\Shaders\RSRetroArch\3DFX.fx' in 0.017000 s.
18:54:43:672 [61940] | INFO  | Successfully compiled 'C:\Users\tetfy\OneDrive\Рабочий стол\QWLEY SHADE\reshade-shaders\Shaders\MaxG3D\HDRSaturation.fx' in 0.016000 s.
18:54:43:674 [ 6984] | INFO  | Successfully compiled 'C:\Users\tetfy\OneDrive\Рабочий стол\QWLEY SHADE\reshade-shaders\Shaders\RSRetroArch\PAL.fx' in 0.013000 s.
18:54:43:675 [24488] | INFO  | Successfully compiled 'C:\Users\tetfy\OneDrive\Рабочий стол\QWLEY SHADE\reshade-shaders\Shaders\CorgiFX\CanvasMask.fx' in 0.011000 s.
18:54:43:676 [50404] | INFO  | Successfully compiled 'C:\Users\tetfy\OneDrive\Рабочий стол\QWLEY SHADE\reshade-shaders\Shaders\FilmGrain2.fx' in 0.010000 s.
18:54:43:678 [39424] | WARN  | Successfully compiled 'C:\Users\tetfy\OneDrive\Рабочий стол\QWLEY SHADE\reshade-shaders\Shaders\CShade\cDots.fx' in 0.027000 s with warnings:
C:\Users\tetfy\OneDrive\Рабочий стол\QWLEY SHADE\reshade-shaders\Shaders\CShade\cDots.fx(288, 14): warning X3206: implicit truncation of vector type
C:\Users\tetfy\OneDrive\Рабочий стол\QWLEY SHADE\reshade-shaders\Shaders\CShade\cDots.fx(350, 38): warning X3206: implicit truncation of vector type
C:\Users\tetfy\OneDrive\Рабочий стол\QWLEY SHADE\reshade-shaders\Shaders\CShade\cDots.fx(351, 38): warning X3206: implicit truncation of vector type
C:\Users\tetfy\OneDrive\Рабочий стол\QWLEY SHADE\reshade-shaders\Shaders\CShade\cDots.fx(352, 38): warning X3206: implicit truncation of vector type
C:\Users\tetfy\OneDrive\Рабочий стол\QWLEY SHADE\reshade-shaders\Shaders\CShade\cDots.fx(353, 38): warning X3206: implicit truncation of vector type

18:54:43:681 [60448] | INFO  | Successfully compiled 'C:\Users\tetfy\OneDrive\Рабочий стол\QWLEY SHADE\reshade-shaders\Shaders\Barbatos\BaBa_NeoSSAO.fx' in 0.023000 s.
18:54:43:682 [27176] | INFO  | Successfully compiled 'C:\Users\tetfy\OneDrive\Рабочий стол\QWLEY SHADE\reshade-shaders\Shaders\smolbbsoop\smolbbsoop_HDR_Converter.fx' in 0.013000 s.
18:54:43:684 [59664] | INFO  | Successfully compiled 'C:\Users\tetfy\OneDrive\Рабочий стол\QWLEY SHADE\reshade-shaders\Shaders\RSRetroArch\BasicCRT.fx' in 0.014000 s.
18:54:43:685 [61940] | INFO  | Successfully compiled 'C:\Users\tetfy\OneDrive\Рабочий стол\QWLEY SHADE\reshade-shaders\Shaders\METEOR\MartysMods_CHROMATICABERRATION.fx' in 0.012000 s.
18:54:43:687 [50404] | INFO  | Successfully compiled 'C:\Users\tetfy\OneDrive\Рабочий стол\QWLEY SHADE\reshade-shaders\Shaders\FilmicPass.fx' in 0.010000 s.
18:54:43:687 [ 6984] | WARN  | Successfully compiled 'C:\Users\tetfy\OneDrive\Рабочий стол\QWLEY SHADE\reshade-shaders\Shaders\RSRetroArch\Phosphor.fx' in 0.013000 s with warnings:
C:\Users\tetfy\OneDrive\Рабочий стол\QWLEY SHADE\reshade-shaders\Shaders\RSRetroArch\Phosphor.fx(42, 41): warning X3206: implicit truncation of vector type

18:54:43:687 [24488] | INFO  | Successfully compiled 'C:\Users\tetfy\OneDrive\Рабочий стол\QWLEY SHADE\reshade-shaders\Shaders\CorgiFX\ColorMask.fx' in 0.012000 s.
18:54:43:691 [33512] | INFO  | Successfully compiled 'C:\Users\tetfy\OneDrive\Рабочий стол\QWLEY SHADE\reshade-shaders\Shaders\iMMERSE\MartysMods_MXAO.fx' in 0.021000 s.
18:54:43:694 [62152] | INFO  | Successfully compiled 'C:\Users\tetfy\OneDrive\Рабочий стол\QWLEY SHADE\reshade-shaders\Shaders\ReShade_HDR_shaders\lilium__hdr_and_sdr_analysis.fx' in 0.101000 s.
18:54:43:696 [60448] | INFO  | Successfully compiled 'C:\Users\tetfy\OneDrive\Рабочий стол\QWLEY SHADE\reshade-shaders\Shaders\Barbatos\BaBa_Outline.fx' in 0.014000 s.
18:54:43:699 [24488] | INFO  | Successfully compiled 'C:\Users\tetfy\OneDrive\Рабочий стол\QWLEY SHADE\reshade-shaders\Shaders\CorgiFX\Flip.fx' in 0.010000 s.
18:54:43:699 [61940] | INFO  | Successfully compiled 'C:\Users\tetfy\OneDrive\Рабочий стол\QWLEY SHADE\reshade-shaders\Shaders\METEOR\MartysMods_FLOYDSTEINBERG.fx' in 0.013000 s.
18:54:43:699 [ 6984] | INFO  | Successfully compiled 'C:\Users\tetfy\OneDrive\Рабочий стол\QWLEY SHADE\reshade-shaders\Shaders\RSRetroArch\PowerVR2.fx' in 0.012000 s.
18:54:43:699 [59664] | INFO  | Successfully compiled 'C:\Users\tetfy\OneDrive\Рабочий стол\QWLEY SHADE\reshade-shaders\Shaders\RSRetroArch\Cathode.fx' in 0.015000 s.
18:54:43:699 [27176] | INFO  | Successfully compiled 'C:\Users\tetfy\OneDrive\Рабочий стол\QWLEY SHADE\reshade-shaders\Shaders\smolbbsoop\smolbbsoop_RadialBlur.fx' in 0.017000 s.
18:54:43:700 [50404] | INFO  | Successfully compiled 'C:\Users\tetfy\OneDrive\Рабочий стол\QWLEY SHADE\reshade-shaders\Shaders\FineSharp.fx' in 0.013000 s.
18:54:43:701 [44704] | INFO  | Successfully compiled 'C:\Users\tetfy\OneDrive\Рабочий стол\QWLEY SHADE\reshade-shaders\Shaders\ZenteonFX\BETA_ZenRCAO.fx' in 0.039000 s.
18:54:43:704 [39424] | INFO  | Successfully compiled 'C:\Users\tetfy\OneDrive\Рабочий стол\QWLEY SHADE\reshade-shaders\Shaders\CShade\cEnsor.fx' in 0.025000 s.
18:54:43:705 [33512] | INFO  | Successfully compiled 'C:\Users\tetfy\OneDrive\Рабочий стол\QWLEY SHADE\reshade-shaders\Shaders\iMMERSE\MartysMods_SHARPEN.fx' in 0.014000 s.
18:54:43:710 [ 6984] | INFO  | Successfully compiled 'C:\Users\tetfy\OneDrive\Рабочий стол\QWLEY SHADE\reshade-shaders\Shaders\RSRetroArch\R57_PAL.fx' in 0.010000 s.
18:54:43:713 [24488] | INFO  | Successfully compiled 'C:\Users\tetfy\OneDrive\Рабочий стол\QWLEY SHADE\reshade-shaders\Shaders\CorgiFX\FreezeShot.fx' in 0.013000 s.
18:54:43:713 [60448] | INFO  | Successfully compiled 'C:\Users\tetfy\OneDrive\Рабочий стол\QWLEY SHADE\reshade-shaders\Shaders\Barbatos\BaBa_PHDR.fx' in 0.015000 s.
18:54:43:713 [59664] | INFO  | Successfully compiled 'C:\Users\tetfy\OneDrive\Рабочий стол\QWLEY SHADE\reshade-shaders\Shaders\RSRetroArch\Chromaticity.fx' in 0.012000 s.
18:54:43:714 [27176] | INFO  | Successfully compiled 'C:\Users\tetfy\OneDrive\Рабочий стол\QWLEY SHADE\reshade-shaders\Shaders\SweetFX\ASCII.fx' in 0.013000 s.
18:54:43:718 [44704] | INFO  | Successfully compiled 'C:\Users\tetfy\OneDrive\Рабочий стол\QWLEY SHADE\reshade-shaders\Shaders\ZenteonFX\Zenteon_ATA.fx' in 0.016000 s.
18:54:43:721 [ 6984] | INFO  | Successfully compiled 'C:\Users\tetfy\OneDrive\Рабочий стол\QWLEY SHADE\reshade-shaders\Shaders\RSRetroArch\RetroCRT.fx' in 0.009000 s.
18:54:43:723 [24488] | INFO  | Successfully compiled 'C:\Users\tetfy\OneDrive\Рабочий стол\QWLEY SHADE\reshade-shaders\Shaders\CorgiFX\MagnifyingGlass.fx' in 0.010000 s.
18:54:43:724 [59664] | INFO  | Successfully compiled 'C:\Users\tetfy\OneDrive\Рабочий стол\QWLEY SHADE\reshade-shaders\Shaders\RSRetroArch\ChromaticitySimplified.fx' in 0.011000 s.
18:54:43:725 [27176] | INFO  | Successfully compiled 'C:\Users\tetfy\OneDrive\Рабочий стол\QWLEY SHADE\reshade-shaders\Shaders\SweetFX\Border.fx' in 0.011000 s.
18:54:43:728 [60448] | INFO  | Successfully compiled 'C:\Users\tetfy\OneDrive\Рабочий стол\QWLEY SHADE\reshade-shaders\Shaders\Barbatos\BaBa_Sharpen_Neural.fx' in 0.015000 s.
18:54:43:729 [33512] | INFO  | Successfully compiled 'C:\Users\tetfy\OneDrive\Рабочий стол\QWLEY SHADE\reshade-shaders\Shaders\iMMERSE\MartysMods_SMAA.fx' in 0.022000 s.
18:54:43:731 [ 6984] | INFO  | Successfully compiled 'C:\Users\tetfy\OneDrive\Рабочий стол\QWLEY SHADE\reshade-shaders\Shaders\RSRetroArch\RGBLCD.fx' in 0.009000 s.
18:54:43:732 [62152] | INFO  | Successfully compiled 'C:\Users\tetfy\OneDrive\Рабочий стол\QWLEY SHADE\reshade-shaders\Shaders\ReShade_HDR_shaders\lilium__hdr_black_floor_fix.fx' in 0.036000 s.
18:54:43:732 [44704] | INFO  | Successfully compiled 'C:\Users\tetfy\OneDrive\Рабочий стол\QWLEY SHADE\reshade-shaders\Shaders\ZenteonFX\Zenteon_FilmGrain.fx' in 0.013000 s.
18:54:43:736 [59664] | INFO  | Successfully compiled 'C:\Users\tetfy\OneDrive\Рабочий стол\QWLEY SHADE\reshade-shaders\Shaders\RSRetroArch\cmyk_halftone_dot.fx' in 0.010000 s.
18:54:43:736 [27176] | INFO  | Successfully compiled 'C:\Users\tetfy\OneDrive\Рабочий стол\QWLEY SHADE\reshade-shaders\Shaders\SweetFX\Cartoon.fx' in 0.010000 s.
18:54:43:739 [ 6984] | WARN  | Successfully compiled 'C:\Users\tetfy\OneDrive\Рабочий стол\QWLEY SHADE\reshade-shaders\Shaders\RSRetroArch\scanlines-abs.fx' in 0.008000 s with warnings:
C:\Users\tetfy\OneDrive\Рабочий стол\QWLEY SHADE\reshade-shaders\Shaders\RSRetroArch\scanlines-abs.fx(73, 1): warning X4576: 'PS_ScanlinesAbs': input parameter 'angle' semantic does not match vertex shader one

18:54:43:745 [59664] | INFO  | Successfully compiled 'C:\Users\tetfy\OneDrive\Рабочий стол\QWLEY SHADE\reshade-shaders\Shaders\RSRetroArch\ColorMAME.fx' in 0.009000 s.
18:54:43:745 [27176] | INFO  | Successfully compiled 'C:\Users\tetfy\OneDrive\Рабочий стол\QWLEY SHADE\reshade-shaders\Shaders\SweetFX\CAS.fx' in 0.009000 s.
18:54:43:746 [39424] | INFO  | Successfully compiled 'C:\Users\tetfy\OneDrive\Рабочий стол\QWLEY SHADE\reshade-shaders\Shaders\CShade\cFlow.fx' in 0.041000 s.
18:54:43:748 [ 6984] | INFO  | Successfully compiled 'C:\Users\tetfy\OneDrive\Рабочий стол\QWLEY SHADE\reshade-shaders\Shaders\RSRetroArch\scanlines-fract.fx' in 0.009000 s.
18:54:43:751 [33512] | INFO  | Successfully compiled 'C:\Users\tetfy\OneDrive\Рабочий стол\QWLEY SHADE\reshade-shaders\Shaders\iMMERSE\MartysMods_SOLARIS.fx' in 0.021000 s.
18:54:43:754 [27176] | INFO  | Successfully compiled 'C:\Users\tetfy\OneDrive\Рабочий стол\QWLEY SHADE\reshade-shaders\Shaders\SweetFX\ChromaticAberration.fx' in 0.008000 s.
18:54:43:756 [59664] | WARN  | Successfully compiled 'C:\Users\tetfy\OneDrive\Рабочий стол\QWLEY SHADE\reshade-shaders\Shaders\RSRetroArch\CoolRetroTerminal.fx' in 0.010000 s with warnings:
C:\Users\tetfy\OneDrive\Рабочий стол\QWLEY SHADE\reshade-shaders\Shaders\RSRetroArch\CoolRetroTerminal.fx(167, 20): warning X3206: implicit truncation of vector type
C:\Users\tetfy\OneDrive\Рабочий стол\QWLEY SHADE\reshade-shaders\Shaders\RSRetroArch\CoolRetroTerminal.fx(168, 21): warning X3206: implicit truncation of vector type
C:\Users\tetfy\OneDrive\Рабочий стол\QWLEY SHADE\reshade-shaders\Shaders\RSRetroArch\CoolRetroTerminal.fx(174, 25): warning X3206: implicit truncation of vector type
C:\Users\tetfy\OneDrive\Рабочий стол\QWLEY SHADE\reshade-shaders\Shaders\RSRetroArch\CoolRetroTerminal.fx(194, 24): warning X3206: implicit truncation of vector type

18:54:43:757 [ 6984] | INFO  | Successfully compiled 'C:\Users\tetfy\OneDrive\Рабочий стол\QWLEY SHADE\reshade-shaders\Shaders\RSRetroArch\TVCRTPixels.fx' in 0.008000 s.
18:54:43:761 [27176] | INFO  | Successfully compiled 'C:\Users\tetfy\OneDrive\Рабочий стол\QWLEY SHADE\reshade-shaders\Shaders\SweetFX\ColorMatrix.fx' in 0.007000 s.
18:54:43:761 [39424] | INFO  | Successfully compiled 'C:\Users\tetfy\OneDrive\Рабочий стол\QWLEY SHADE\reshade-shaders\Shaders\CShade\cFXAA.fx' in 0.015000 s.
18:54:43:764 [59664] | INFO  | Successfully compiled 'C:\Users\tetfy\OneDrive\Рабочий стол\QWLEY SHADE\reshade-shaders\Shaders\RSRetroArch\CRT-Frutbunn.fx' in 0.007000 s.
18:54:43:772 [27176] | INFO  | Successfully compiled 'C:\Users\tetfy\OneDrive\Рабочий стол\QWLEY SHADE\reshade-shaders\Shaders\SweetFX\Compare.fx' in 0.008000 s.
18:54:43:772 [44704] | INFO  | Successfully compiled 'C:\Users\tetfy\OneDrive\Рабочий стол\QWLEY SHADE\reshade-shaders\Shaders\ZenteonFX\Zenteon_Framework.fx' in 0.039000 s.
18:54:43:772 [59664] | INFO  | Successfully compiled 'C:\Users\tetfy\OneDrive\Рабочий стол\QWLEY SHADE\reshade-shaders\Shaders\RSRetroArch\crt-nes-mini.fx' in 0.007000 s.
18:54:43:777 [39424] | INFO  | Successfully compiled 'C:\Users\tetfy\OneDrive\Рабочий стол\QWLEY SHADE\reshade-shaders\Shaders\CShade\cGhost.fx' in 0.013000 s.
18:54:43:781 [27176] | INFO  | Successfully compiled 'C:\Users\tetfy\OneDrive\Рабочий стол\QWLEY SHADE\reshade-shaders\Shaders\SweetFX\CRT.fx' in 0.009000 s.
18:54:43:783 [59664] | INFO  | Successfully compiled 'C:\Users\tetfy\OneDrive\Рабочий стол\QWLEY SHADE\reshade-shaders\Shaders\RSRetroArch\CRT-NewPixie.fx' in 0.010000 s.
18:54:43:789 [44704] | INFO  | Successfully compiled 'C:\Users\tetfy\OneDrive\Рабочий стол\QWLEY SHADE\reshade-shaders\Shaders\ZenteonFX\Zenteon_LocalContrast.fx' in 0.017000 s.
18:54:43:791 [27176] | INFO  | Successfully compiled 'C:\Users\tetfy\OneDrive\Рабочий стол\QWLEY SHADE\reshade-shaders\Shaders\SweetFX\Curves.fx' in 0.009000 s.
18:54:43:792 [59664] | INFO  | Successfully compiled 'C:\Users\tetfy\OneDrive\Рабочий стол\QWLEY SHADE\reshade-shaders\Shaders\RSRetroArch\CRT-Yee64.fx' in 0.009000 s.
18:54:43:793 [39424] | INFO  | Successfully compiled 'C:\Users\tetfy\OneDrive\Рабочий стол\QWLEY SHADE\reshade-shaders\Shaders\CShade\cLayer.fx' in 0.016000 s.
18:54:43:799 [27176] | INFO  | Successfully compiled 'C:\Users\tetfy\OneDrive\Рабочий стол\QWLEY SHADE\reshade-shaders\Shaders\SweetFX\DPX.fx' in 0.009000 s.
18:54:43:803 [59664] | INFO  | Successfully compiled 'C:\Users\tetfy\OneDrive\Рабочий стол\QWLEY SHADE\reshade-shaders\Shaders\RSRetroArch\CRT-Yeetron.fx' in 0.010000 s.
18:54:43:809 [39424] | INFO  | Successfully compiled 'C:\Users\tetfy\OneDrive\Рабочий стол\QWLEY SHADE\reshade-shaders\Shaders\CShade\cLens.fx' in 0.016000 s.
18:54:43:809 [27176] | INFO  | Successfully compiled 'C:\Users\tetfy\OneDrive\Рабочий стол\QWLEY SHADE\reshade-shaders\Shaders\SweetFX\FakeHDR.fx' in 0.009000 s.
18:54:43:815 [59664] | INFO  | Successfully compiled 'C:\Users\tetfy\OneDrive\Рабочий стол\QWLEY SHADE\reshade-shaders\Shaders\RSRetroArch\CRTAperture.fx' in 0.010000 s.
18:54:43:818 [27176] | INFO  | Successfully compiled 'C:\Users\tetfy\OneDrive\Рабочий стол\QWLEY SHADE\reshade-shaders\Shaders\SweetFX\FilmGrain.fx' in 0.009000 s.
18:54:43:821 [59664] | INFO  | Successfully compiled 'C:\Users\tetfy\OneDrive\Рабочий стол\QWLEY SHADE\reshade-shaders\Shaders\RSRetroArch\CRTCaligari.fx' in 0.007000 s.
18:54:43:824 [44704] | INFO  | Successfully compiled 'C:\Users\tetfy\OneDrive\Рабочий стол\QWLEY SHADE\reshade-shaders\Shaders\ZenteonFX\Zenteon_Motion.fx' in 0.033000 s.
18:54:43:824 [39424] | WARN  | Successfully compiled 'C:\Users\tetfy\OneDrive\Рабочий стол\QWLEY SHADE\reshade-shaders\Shaders\CShade\cLetterBox.fx' in 0.014000 s with warnings:
C:\Users\tetfy\OneDrive\Рабочий стол\QWLEY SHADE\reshade-shaders\Shaders\CShade\cLetterBox.fx(49, 15): warning X3206: implicit truncation of vector type

18:54:43:830 [27176] | INFO  | Successfully compiled 'C:\Users\tetfy\OneDrive\Рабочий стол\QWLEY SHADE\reshade-shaders\Shaders\SweetFX\FXAA.fx' in 0.010000 s.
18:54:43:830 [59664] | WARN  | Successfully compiled 'C:\Users\tetfy\OneDrive\Рабочий стол\QWLEY SHADE\reshade-shaders\Shaders\RSRetroArch\CRTcgwg.fx' in 0.008000 s with warnings:
C:\Users\tetfy\OneDrive\Рабочий стол\QWLEY SHADE\reshade-shaders\Shaders\RSRetroArch\CRTcgwg.fx(108, 14): warning X3206: implicit truncation of vector type
C:\Users\tetfy\OneDrive\Рабочий стол\QWLEY SHADE\reshade-shaders\Shaders\RSRetroArch\CRTcgwg.fx(109, 15): warning X3206: implicit truncation of vector type
C:\Users\tetfy\OneDrive\Рабочий стол\QWLEY SHADE\reshade-shaders\Shaders\RSRetroArch\CRTcgwg.fx(129, 16): warning X3206: implicit truncation of vector type
C:\Users\tetfy\OneDrive\Рабочий стол\QWLEY SHADE\reshade-shaders\Shaders\RSRetroArch\CRTcgwg.fx(129, 36): warning X3206: implicit truncation of vector type

18:54:43:835 [44704] | INFO  | Successfully compiled 'C:\Users\tetfy\OneDrive\Рабочий стол\QWLEY SHADE\reshade-shaders\Shaders\ZenteonFX\Zenteon_PaletteMap.fx' in 0.011000 s.
18:54:43:841 [27176] | INFO  | Successfully compiled 'C:\Users\tetfy\OneDrive\Рабочий стол\QWLEY SHADE\reshade-shaders\Shaders\SweetFX\Layer.fx' in 0.011000 s.
18:54:43:841 [59664] | WARN  | Successfully compiled 'C:\Users\tetfy\OneDrive\Рабочий стол\QWLEY SHADE\reshade-shaders\Shaders\RSRetroArch\CRTCX.fx' in 0.010000 s with warnings:
C:\Users\tetfy\OneDrive\Рабочий стол\QWLEY SHADE\reshade-shaders\Shaders\RSRetroArch\CRTCX.fx(157, 33): warning X3206: implicit truncation of vector type
C:\Users\tetfy\OneDrive\Рабочий стол\QWLEY SHADE\reshade-shaders\Shaders\RSRetroArch\CRTCX.fx(157, 19): warning X3206: implicit truncation of vector type

18:54:43:842 [39424] | INFO  | Successfully compiled 'C:\Users\tetfy\OneDrive\Рабочий стол\QWLEY SHADE\reshade-shaders\Shaders\CShade\cLipse.fx' in 0.016000 s.
18:54:43:848 [44704] | INFO  | Successfully compiled 'C:\Users\tetfy\OneDrive\Рабочий стол\QWLEY SHADE\reshade-shaders\Shaders\ZenteonFX\Zenteon_Sharpen.fx' in 0.012000 s.
18:54:43:850 [27176] | INFO  | Successfully compiled 'C:\Users\tetfy\OneDrive\Рабочий стол\QWLEY SHADE\reshade-shaders\Shaders\SweetFX\Levels.fx' in 0.009000 s.
18:54:43:851 [59664] | INFO  | Successfully compiled 'C:\Users\tetfy\OneDrive\Рабочий стол\QWLEY SHADE\reshade-shaders\Shaders\RSRetroArch\CRTEasymode.fx' in 0.010000 s.
18:54:43:859 [27176] | INFO  | Successfully compiled 'C:\Users\tetfy\OneDrive\Рабочий стол\QWLEY SHADE\reshade-shaders\Shaders\SweetFX\LiftGammaGain.fx' in 0.008000 s.
18:54:43:860 [44704] | INFO  | Successfully compiled 'C:\Users\tetfy\OneDrive\Рабочий стол\QWLEY SHADE\reshade-shaders\Shaders\ZenteonFX\Zenteon_SSAO_History.fx' in 0.011000 s.
18:54:43:860 [59664] | INFO  | Successfully compiled 'C:\Users\tetfy\OneDrive\Рабочий стол\QWLEY SHADE\reshade-shaders\Shaders\RSRetroArch\CRTFakeLottes.fx' in 0.008000 s.
18:54:43:869 [27176] | INFO  | Successfully compiled 'C:\Users\tetfy\OneDrive\Рабочий стол\QWLEY SHADE\reshade-shaders\Shaders\SweetFX\LumaSharpen.fx' in 0.009000 s.
18:54:43:870 [59664] | INFO  | Successfully compiled 'C:\Users\tetfy\OneDrive\Рабочий стол\QWLEY SHADE\reshade-shaders\Shaders\RSRetroArch\CRTGeom.fx' in 0.010000 s.
18:54:43:874 [39424] | INFO  | Successfully compiled 'C:\Users\tetfy\OneDrive\Рабочий стол\QWLEY SHADE\reshade-shaders\Shaders\CShade\cMotionBlur.fx' in 0.032000 s.
18:54:43:876 [27176] | INFO  | Successfully compiled 'C:\Users\tetfy\OneDrive\Рабочий стол\QWLEY SHADE\reshade-shaders\Shaders\SweetFX\Monochrome.fx' in 0.007000 s.
18:54:43:877 [44704] | INFO  | Successfully compiled 'C:\Users\tetfy\OneDrive\Рабочий стол\QWLEY SHADE\reshade-shaders\Shaders\ZenteonFX\Zenteon_TurboGI.fx' in 0.017000 s.
18:54:43:880 [59664] | WARN  | Successfully compiled 'C:\Users\tetfy\OneDrive\Рабочий стол\QWLEY SHADE\reshade-shaders\Shaders\RSRetroArch\CRTHyllian.fx' in 0.009000 s with warnings:
C:\Users\tetfy\OneDrive\Рабочий стол\QWLEY SHADE\reshade-shaders\Shaders\RSRetroArch\CRTHyllian.fx(240, 19): warning X3206: implicit truncation of vector type
C:\Users\tetfy\OneDrive\Рабочий стол\QWLEY SHADE\reshade-shaders\Shaders\RSRetroArch\CRTHyllian.fx(241, 19): warning X3206: implicit truncation of vector type
C:\Users\tetfy\OneDrive\Рабочий стол\QWLEY SHADE\reshade-shaders\Shaders\RSRetroArch\CRTHyllian.fx(242, 19): warning X3206: implicit truncation of vector type
C:\Users\tetfy\OneDrive\Рабочий стол\QWLEY SHADE\reshade-shaders\Shaders\RSRetroArch\CRTHyllian.fx(243, 19): warning X3206: implicit truncation of vector type
C:\Users\tetfy\OneDrive\Рабочий стол\QWLEY SHADE\reshade-shaders\Shaders\RSRetroArch\CRTHyllian.fx(244, 19): warning X3206: implicit truncation of vector type
C:\Users\tetfy\OneDrive\Рабочий стол\QWLEY SHADE\reshade-shaders\Shaders\RSRetroArch\CRTHyllian.fx(245, 19): warning X3206: implicit truncation of vector type
C:\Users\tetfy\OneDrive\Рабочий стол\QWLEY SHADE\reshade-shaders\Shaders\RSRetroArch\CRTHyllian.fx(246, 19): warning X3206: implicit truncation of vector type
C:\Users\tetfy\OneDrive\Рабочий стол\QWLEY SHADE\reshade-shaders\Shaders\RSRetroArch\CRTHyllian.fx(247, 19): warning X3206: implicit truncation of vector type

18:54:43:886 [27176] | INFO  | Successfully compiled 'C:\Users\tetfy\OneDrive\Рабочий стол\QWLEY SHADE\reshade-shaders\Shaders\SweetFX\Nostalgia.fx' in 0.009000 s.
18:54:43:889 [59664] | INFO  | Successfully compiled 'C:\Users\tetfy\OneDrive\Рабочий стол\QWLEY SHADE\reshade-shaders\Shaders\RSRetroArch\CRTKurg.fx' in 0.008000 s.
18:54:43:894 [27176] | INFO  | Successfully compiled 'C:\Users\tetfy\OneDrive\Рабочий стол\QWLEY SHADE\reshade-shaders\Shaders\SweetFX\Sepia.fx' in 0.007000 s.
18:54:43:898 [44704] | INFO  | Successfully compiled 'C:\Users\tetfy\OneDrive\Рабочий стол\QWLEY SHADE\reshade-shaders\Shaders\ZenteonFX\Zenteon_XenonBloom.fx' in 0.020000 s.
18:54:43:899 [59664] | INFO  | Successfully compiled 'C:\Users\tetfy\OneDrive\Рабочий стол\QWLEY SHADE\reshade-shaders\Shaders\RSRetroArch\CRTLottes.fx' in 0.010000 s.
18:54:43:906 [39424] | INFO  | Successfully compiled 'C:\Users\tetfy\OneDrive\Рабочий стол\QWLEY SHADE\reshade-shaders\Shaders\CShade\cMotionStabilization.fx' in 0.030000 s.
18:54:43:906 [27176] | INFO  | Successfully compiled 'C:\Users\tetfy\OneDrive\Рабочий стол\QWLEY SHADE\reshade-shaders\Shaders\SweetFX\SMAA.fx' in 0.012000 s.
18:54:43:907 [59664] | INFO  | Successfully compiled 'C:\Users\tetfy\OneDrive\Рабочий стол\QWLEY SHADE\reshade-shaders\Shaders\RSRetroArch\CRTLottes2.fx' in 0.007000 s.
18:54:43:915 [27176] | INFO  | Successfully compiled 'C:\Users\tetfy\OneDrive\Рабочий стол\QWLEY SHADE\reshade-shaders\Shaders\SweetFX\Splitscreen.fx' in 0.007000 s.
18:54:43:920 [39424] | INFO  | Successfully compiled 'C:\Users\tetfy\OneDrive\Рабочий стол\QWLEY SHADE\reshade-shaders\Shaders\CShade\cNoiseBlur.fx' in 0.013000 s.
18:54:43:932 [39424] | INFO  | Successfully compiled 'C:\Users\tetfy\OneDrive\Рабочий стол\QWLEY SHADE\reshade-shaders\Shaders\CShade\cNormalize.fx' in 0.012000 s.
18:54:43:946 [39424] | INFO  | Successfully compiled 'C:\Users\tetfy\OneDrive\Рабочий стол\QWLEY SHADE\reshade-shaders\Shaders\CShade\cQuantize.fx' in 0.013000 s.
18:54:43:959 [39424] | INFO  | Successfully compiled 'C:\Users\tetfy\OneDrive\Рабочий стол\QWLEY SHADE\reshade-shaders\Shaders\CShade\cRCAS.fx' in 0.012000 s.
18:54:43:985 [39424] | INFO  | Successfully compiled 'C:\Users\tetfy\OneDrive\Рабочий стол\QWLEY SHADE\reshade-shaders\Shaders\CShade\cShares.fx' in 0.026000 s.
18:54:43:998 [39424] | INFO  | Successfully compiled 'C:\Users\tetfy\OneDrive\Рабочий стол\QWLEY SHADE\reshade-shaders\Shaders\CShade\cSolidColor.fx' in 0.011000 s.
18:54:44:011 [39424] | WARN  | Successfully compiled 'C:\Users\tetfy\OneDrive\Рабочий стол\QWLEY SHADE\reshade-shaders\Shaders\CShade\cSpace.fx' in 0.013000 s with warnings:
C:\Users\tetfy\OneDrive\Рабочий стол\QWLEY SHADE\reshade-shaders\Shaders\CShade\cSpace.fx(53, 44): warning X3206: implicit truncation of vector type
C:\Users\tetfy\OneDrive\Рабочий стол\QWLEY SHADE\reshade-shaders\Shaders\CShade\cSpace.fx(56, 45): warning X3206: implicit truncation of vector type
C:\Users\tetfy\OneDrive\Рабочий стол\QWLEY SHADE\reshade-shaders\Shaders\CShade\cSpace.fx(59, 44): warning X3206: implicit truncation of vector type
C:\Users\tetfy\OneDrive\Рабочий стол\QWLEY SHADE\reshade-shaders\Shaders\CShade\cSpace.fx(62, 45): warning X3206: implicit truncation of vector type
C:\Users\tetfy\OneDrive\Рабочий стол\QWLEY SHADE\reshade-shaders\Shaders\CShade\cSpace.fx(65, 44): warning X3206: implicit truncation of vector type
C:\Users\tetfy\OneDrive\Рабочий стол\QWLEY SHADE\reshade-shaders\Shaders\CShade\cSpace.fx(68, 45): warning X3206: implicit truncation of vector type
C:\Users\tetfy\OneDrive\Рабочий стол\QWLEY SHADE\reshade-shaders\Shaders\CShade\cSpace.fx(71, 44): warning X3206: implicit truncation of vector type
C:\Users\tetfy\OneDrive\Рабочий стол\QWLEY SHADE\reshade-shaders\Shaders\CShade\cSpace.fx(74, 45): warning X3206: implicit truncation of vector type
C:\Users\tetfy\OneDrive\Рабочий стол\QWLEY SHADE\reshade-shaders\Shaders\CShade\cSpace.fx(77, 43): warning X3206: implicit truncation of vector type
C:\Users\tetfy\OneDrive\Рабочий стол\QWLEY SHADE\reshade-shaders\Shaders\CShade\cSpace.fx(80, 41): warning X3206: implicit truncation of vector type
C:\Users\tetfy\OneDrive\Рабочий стол\QWLEY SHADE\reshade-shaders\Shaders\CShade\cSpace.fx(83, 32): warning X3206: implicit truncation of vector type
C:\Users\tetfy\OneDrive\Рабочий стол\QWLEY SHADE\reshade-shaders\Shaders\CShade\cSpace.fx(86, 32): warning X3206: implicit truncation of vector type
C:\Users\tetfy\OneDrive\Рабочий стол\QWLEY SHADE\reshade-shaders\Shaders\CShade\cSpace.fx(89, 32): warning X3206: implicit truncation of vector type
C:\Users\tetfy\OneDrive\Рабочий стол\QWLEY SHADE\reshade-shaders\Shaders\CShade\cSpace.fx(92, 36): warning X3206: implicit truncation of vector type
C:\Users\tetfy\OneDrive\Рабочий стол\QWLEY SHADE\reshade-shaders\Shaders\CShade\cSpace.fx(95, 34): warning X3206: implicit truncation of vector type
C:\Users\tetfy\OneDrive\Рабочий стол\QWLEY SHADE\reshade-shaders\Shaders\CShade\cSpace.fx(100, 34): warning X3206: implicit truncation of vector type

18:54:44:024 [39424] | INFO  | Successfully compiled 'C:\Users\tetfy\OneDrive\Рабочий стол\QWLEY SHADE\reshade-shaders\Shaders\CShade\cThreshold.fx' in 0.012000 s.
18:54:44:036 [39424] | INFO  | Successfully compiled 'C:\Users\tetfy\OneDrive\Рабочий стол\QWLEY SHADE\reshade-shaders\Shaders\CShade\cTransform.fx' in 0.012000 s.
18:54:44:049 [39424] | INFO  | Successfully compiled 'C:\Users\tetfy\OneDrive\Рабочий стол\QWLEY SHADE\reshade-shaders\Shaders\CShade\kContour.fx' in 0.012000 s.
18:54:44:080 [39424] | INFO  | Successfully compiled 'C:\Users\tetfy\OneDrive\Рабочий стол\QWLEY SHADE\reshade-shaders\Shaders\CShade\kDatamosh.fx' in 0.030000 s.
18:54:44:093 [39424] | INFO  | Successfully compiled 'C:\Users\tetfy\OneDrive\Рабочий стол\QWLEY SHADE\reshade-shaders\Shaders\CShade\kMirror.fx' in 0.012000 s.
18:54:44:100 [39424] | INFO  | Successfully compiled 'C:\Users\tetfy\OneDrive\Рабочий стол\QWLEY SHADE\reshade-shaders\Shaders\Daltonize.fx' in 0.006000 s.
18:54:44:101 [57752] | WARN  | Preset 'C:\Users\tetfy\OneDrive\Рабочий стол\QWLEY SHADE\iiznauxway preset 2.ini' uses unknown technique 'RimLight@Zeal_RimLight.fx'.
18:54:54:676 [51096] | INFO  | Successfully compiled 'C:\Users\tetfy\OneDrive\Рабочий стол\QWLEY SHADE\reshade-shaders\Shaders\Daodan\AspectRatioComposition.fx' in 0.011000 s.
18:54:54:677 [ 8988] | INFO  | Successfully compiled 'C:\Users\tetfy\OneDrive\Рабочий стол\QWLEY SHADE\reshade-shaders\Shaders\GShade-Shaders\Censor.fx' in 0.012000 s.
18:54:54:677 [ 2896] | INFO  | Successfully compiled 'C:\Users\tetfy\OneDrive\Рабочий стол\QWLEY SHADE\reshade-shaders\Shaders\FXShaders\Cursor.fx' in 0.013000 s.
18:54:54:678 [ 6660] | INFO  | Successfully compiled 'C:\Users\tetfy\OneDrive\Рабочий стол\QWLEY SHADE\reshade-shaders\Shaders\Fubax\AspectRatio.fx' in 0.013000 s.
18:54:54:678 [53312] | INFO  | Successfully compiled 'C:\Users\tetfy\OneDrive\Рабочий стол\QWLEY SHADE\reshade-shaders\Shaders\SweetFX\Technicolor.fx' in 0.012000 s.
18:54:54:679 [20684] | INFO  | Successfully compiled 'C:\Users\tetfy\OneDrive\Рабочий стол\QWLEY SHADE\reshade-shaders\Shaders\PD80\PD80_04_Color_Temperature.fx' in 0.014000 s.
18:54:54:679 [10400] | INFO  | Successfully compiled 'C:\Users\tetfy\OneDrive\Рабочий стол\QWLEY SHADE\reshade-shaders\Shaders\RSRetroArch\CRTPi.fx' in 0.014000 s.
18:54:54:681 [  764] | INFO  | Successfully compiled 'C:\Users\tetfy\OneDrive\Рабочий стол\QWLEY SHADE\reshade-shaders\Shaders\METEOR\MartysMods_HALFTONE.fx' in 0.016000 s.
18:54:54:682 [56844] | INFO  | Successfully compiled 'C:\Users\tetfy\OneDrive\Рабочий стол\QWLEY SHADE\reshade-shaders\Shaders\Insane-Shaders\Bessel_Bloom.fx' in 0.017000 s.
18:54:54:682 [41784] | INFO  | Successfully compiled 'C:\Users\tetfy\OneDrive\Рабочий стол\QWLEY SHADE\reshade-shaders\Shaders\RSRetroArch\VHS.fx' in 0.017000 s.
18:54:54:684 [41268] | INFO  | Successfully compiled 'C:\Users\tetfy\OneDrive\Рабочий стол\QWLEY SHADE\reshade-shaders\Shaders\AdaptiveSharpen.fx' in 0.020000 s.
18:54:54:684 [63088] | INFO  | Successfully compiled 'C:\Users\tetfy\OneDrive\Рабочий стол\QWLEY SHADE\reshade-shaders\Shaders\GShade-Shaders\MaskGlowAdvanced.fx' in 0.020000 s.
18:54:54:686 [45952] | INFO  | Successfully compiled 'C:\Users\tetfy\OneDrive\Рабочий стол\QWLEY SHADE\reshade-shaders\Shaders\CorgiFX\StageDepthPlus.fx' in 0.022000 s.
18:54:54:688 [ 8988] | INFO  | Successfully compiled 'C:\Users\tetfy\OneDrive\Рабочий стол\QWLEY SHADE\reshade-shaders\Shaders\GShade-Shaders\CEOG.fx' in 0.010000 s.
18:54:54:689 [63252] | INFO  | Successfully compiled 'C:\Users\tetfy\OneDrive\Рабочий стол\QWLEY SHADE\reshade-shaders\Shaders\Barbatos\BaBa_Sharpen_NIS.fx' in 0.024000 s.
18:54:54:689 [51096] | INFO  | Successfully compiled 'C:\Users\tetfy\OneDrive\Рабочий стол\QWLEY SHADE\reshade-shaders\Shaders\Daodan\ColorfulPoster.fx' in 0.012000 s.
18:54:54:689 [ 2896] | INFO  | Successfully compiled 'C:\Users\tetfy\OneDrive\Рабочий стол\QWLEY SHADE\reshade-shaders\Shaders\FXShaders\DepthAlpha.fx' in 0.011000 s.
18:54:54:689 [53312] | INFO  | Successfully compiled 'C:\Users\tetfy\OneDrive\Рабочий стол\QWLEY SHADE\reshade-shaders\Shaders\SweetFX\Technicolor2.fx' in 0.010000 s.
18:54:54:689 [10400] | INFO  | Successfully compiled 'C:\Users\tetfy\OneDrive\Рабочий стол\QWLEY SHADE\reshade-shaders\Shaders\RSRetroArch\CRTPotatoCool.fx' in 0.009000 s.
18:54:54:691 [ 6660] | INFO  | Successfully compiled 'C:\Users\tetfy\OneDrive\Рабочий стол\QWLEY SHADE\reshade-shaders\Shaders\Fubax\BeforeAfter.fx' in 0.012000 s.
18:54:54:694 [20684] | INFO  | Successfully compiled 'C:\Users\tetfy\OneDrive\Рабочий стол\QWLEY SHADE\reshade-shaders\Shaders\PD80\PD80_04_Contrast_Brightness_Saturation.fx' in 0.014000 s.
18:54:54:695 [41784] | INFO  | Successfully compiled 'C:\Users\tetfy\OneDrive\Рабочий стол\QWLEY SHADE\reshade-shaders\Shaders\RSRetroArch\VHS_RA.fx' in 0.011000 s.
18:54:54:695 [56844] | INFO  | Successfully compiled 'C:\Users\tetfy\OneDrive\Рабочий стол\QWLEY SHADE\reshade-shaders\Shaders\Insane-Shaders\BilateralComic.fx' in 0.012000 s.
18:54:54:699 [63088] | INFO  | Successfully compiled 'C:\Users\tetfy\OneDrive\Рабочий стол\QWLEY SHADE\reshade-shaders\Shaders\GShade-Shaders\MotionFocus.fx' in 0.012000 s.
18:54:54:699 [ 8988] | INFO  | Successfully compiled 'C:\Users\tetfy\OneDrive\Рабочий стол\QWLEY SHADE\reshade-shaders\Shaders\GShade-Shaders\ChromaSubSampling.fx' in 0.010000 s.
18:54:54:701 [ 2896] | INFO  | Successfully compiled 'C:\Users\tetfy\OneDrive\Рабочий стол\QWLEY SHADE\reshade-shaders\Shaders\FXShaders\Dither.fx' in 0.012000 s.
18:54:54:701 [53312] | INFO  | Successfully compiled 'C:\Users\tetfy\OneDrive\Рабочий стол\QWLEY SHADE\reshade-shaders\Shaders\SweetFX\Tonemap.fx' in 0.012000 s.
18:54:54:701 [55656] | INFO  | Successfully compiled 'C:\Users\tetfy\OneDrive\Рабочий стол\QWLEY SHADE\reshade-shaders\Shaders\ReShade_HDR_shaders\lilium__hdr_brightness_adjustment.fx' in 0.036000 s.
18:54:54:701 [10400] | INFO  | Successfully compiled 'C:\Users\tetfy\OneDrive\Рабочий стол\QWLEY SHADE\reshade-shaders\Shaders\RSRetroArch\CRTPotatoWarm.fx' in 0.011000 s.
18:54:54:703 [ 6660] | INFO  | Successfully compiled 'C:\Users\tetfy\OneDrive\Рабочий стол\QWLEY SHADE\reshade-shaders\Shaders\Fubax\Chromakey.fx' in 0.011000 s.
18:54:54:703 [51096] | INFO  | Successfully compiled 'C:\Users\tetfy\OneDrive\Рабочий стол\QWLEY SHADE\reshade-shaders\Shaders\Daodan\ColorIsolation.fx' in 0.013000 s.
18:54:54:705 [  764] | INFO  | Successfully compiled 'C:\Users\tetfy\OneDrive\Рабочий стол\QWLEY SHADE\reshade-shaders\Shaders\METEOR\MartysMods_LOCALLAPLACIAN.fx' in 0.022000 s.
18:54:54:706 [41268] | INFO  | Successfully compiled 'C:\Users\tetfy\OneDrive\Рабочий стол\QWLEY SHADE\reshade-shaders\Shaders\AmbientLight.fx' in 0.021000 s.
18:54:54:707 [41784] | WARN  | Successfully compiled 'C:\Users\tetfy\OneDrive\Рабочий стол\QWLEY SHADE\reshade-shaders\Shaders\RSRetroArch\vt220.fx' in 0.012000 s with warnings:
C:\Users\tetfy\OneDrive\Рабочий стол\QWLEY SHADE\reshade-shaders\Shaders\RSRetroArch\vt220.fx(106, 16): warning X3206: implicit truncation of vector type
C:\Users\tetfy\OneDrive\Рабочий стол\QWLEY SHADE\reshade-shaders\Shaders\RSRetroArch\vt220.fx(107, 14): warning X3206: implicit truncation of vector type
C:\Users\tetfy\OneDrive\Рабочий стол\QWLEY SHADE\reshade-shaders\Shaders\RSRetroArch\vt220.fx(108, 8): warning X3206: implicit truncation of vector type

18:54:54:709 [20684] | INFO  | Successfully compiled 'C:\Users\tetfy\OneDrive\Рабочий стол\QWLEY SHADE\reshade-shaders\Shaders\PD80\PD80_04_Magical_Rectangle.fx' in 0.014000 s.
18:54:54:709 [56844] | INFO  | Successfully compiled 'C:\Users\tetfy\OneDrive\Рабочий стол\QWLEY SHADE\reshade-shaders\Shaders\Insane-Shaders\BilateralCS.fx' in 0.012000 s.
18:54:54:711 [63252] | INFO  | Successfully compiled 'C:\Users\tetfy\OneDrive\Рабочий стол\QWLEY SHADE\reshade-shaders\Shaders\Barbatos\BaBa_Sharpen_Residual.fx' in 0.021000 s.
18:54:54:711 [63088] | INFO  | Successfully compiled 'C:\Users\tetfy\OneDrive\Рабочий стол\QWLEY SHADE\reshade-shaders\Shaders\GShade-Shaders\OrtonBloom.fx' in 0.012000 s.
18:54:54:712 [53312] | INFO  | Successfully compiled 'C:\Users\tetfy\OneDrive\Рабочий стол\QWLEY SHADE\reshade-shaders\Shaders\SweetFX\Vibrance.fx' in 0.010000 s.
18:54:54:712 [10400] | INFO  | Successfully compiled 'C:\Users\tetfy\OneDrive\Рабочий стол\QWLEY SHADE\reshade-shaders\Shaders\RSRetroArch\CRTRefresh.fx' in 0.010000 s.
18:54:54:713 [ 2896] | INFO  | Successfully compiled 'C:\Users\tetfy\OneDrive\Рабочий стол\QWLEY SHADE\reshade-shaders\Shaders\FXShaders\Flashlight.fx' in 0.011000 s.
18:54:54:714 [ 6660] | INFO  | Successfully compiled 'C:\Users\tetfy\OneDrive\Рабочий стол\QWLEY SHADE\reshade-shaders\Shaders\Fubax\ContrastSharpening.fx' in 0.011000 s.
18:54:54:716 [51096] | INFO  | Successfully compiled 'C:\Users\tetfy\OneDrive\Рабочий стол\QWLEY SHADE\reshade-shaders\Shaders\Daodan\Comic.fx' in 0.013000 s.
18:54:54:716 [ 8988] | INFO  | Successfully compiled 'C:\Users\tetfy\OneDrive\Рабочий стол\QWLEY SHADE\reshade-shaders\Shaders\GShade-Shaders\Clarity2.fx' in 0.017000 s.
18:54:54:720 [41784] | WARN  | Successfully compiled 'C:\Users\tetfy\OneDrive\Рабочий стол\QWLEY SHADE\reshade-shaders\Shaders\RSRetroArch\vt220_frame.fx' in 0.013000 s with warnings:
C:\Users\tetfy\OneDrive\Рабочий стол\QWLEY SHADE\reshade-shaders\Shaders\RSRetroArch\vt220_frame.fx(80, 16): warning X3206: implicit truncation of vector type

18:54:54:720 [20684] | INFO  | Successfully compiled 'C:\Users\tetfy\OneDrive\Рабочий стол\QWLEY SHADE\reshade-shaders\Shaders\PD80\PD80_04_Saturation_Limit.fx' in 0.012000 s.
18:54:54:722 [63088] | INFO  | Successfully compiled 'C:\Users\tetfy\OneDrive\Рабочий стол\QWLEY SHADE\reshade-shaders\Shaders\GShade-Shaders\PatternShading.fx' in 0.010000 s.
18:54:54:723 [  764] | INFO  | Successfully compiled 'C:\Users\tetfy\OneDrive\Рабочий стол\QWLEY SHADE\reshade-shaders\Shaders\METEOR\MartysMods_LONGEXPOSURE.fx' in 0.018000 s.
18:54:54:723 [53312] | INFO  | Successfully compiled 'C:\Users\tetfy\OneDrive\Рабочий стол\QWLEY SHADE\reshade-shaders\Shaders\SweetFX\Vignette.fx' in 0.011000 s.
18:54:54:724 [ 2896] | INFO  | Successfully compiled 'C:\Users\tetfy\OneDrive\Рабочий стол\QWLEY SHADE\reshade-shaders\Shaders\FXShaders\FlexibleCA.fx' in 0.011000 s.
18:54:54:724 [41268] | INFO  | Successfully compiled 'C:\Users\tetfy\OneDrive\Рабочий стол\QWLEY SHADE\reshade-shaders\Shaders\Anagrama\anamorpho.fx' in 0.018000 s.
18:54:54:726 [ 6660] | INFO  | Successfully compiled 'C:\Users\tetfy\OneDrive\Рабочий стол\QWLEY SHADE\reshade-shaders\Shaders\Fubax\CurvedMonitor.fx' in 0.012000 s.
18:54:54:727 [10400] | INFO  | Successfully compiled 'C:\Users\tetfy\OneDrive\Рабочий стол\QWLEY SHADE\reshade-shaders\Shaders\RSRetroArch\CRTSim.fx' in 0.015000 s.
18:54:54:728 [ 8988] | INFO  | Successfully compiled 'C:\Users\tetfy\OneDrive\Рабочий стол\QWLEY SHADE\reshade-shaders\Shaders\GShade-Shaders\ColorInversion.fx' in 0.011000 s.
18:54:54:729 [56844] | INFO  | Successfully compiled 'C:\Users\tetfy\OneDrive\Рабочий стол\QWLEY SHADE\reshade-shaders\Shaders\Insane-Shaders\CMAA_2.fx' in 0.019000 s.
18:54:54:731 [51096] | WARN  | Successfully compiled 'C:\Users\tetfy\OneDrive\Рабочий стол\QWLEY SHADE\reshade-shaders\Shaders\Daodan\dev\DrawOverlay.fx' in 0.014000 s with warnings:
C:\Users\tetfy\OneDrive\Рабочий стол\QWLEY SHADE\reshade-shaders\Shaders\Daodan\dev\Tools.fxh(237, 55): warning X3206: implicit truncation of vector type
C:\Users\tetfy\OneDrive\Рабочий стол\QWLEY SHADE\reshade-shaders\Shaders\Daodan\dev\Tools.fxh(362, 30): warning X3206: implicit truncation of vector type

18:54:54:733 [41784] | WARN  | Successfully compiled 'C:\Users\tetfy\OneDrive\Рабочий стол\QWLEY SHADE\reshade-shaders\Shaders\RSRetroArch\vt220_night.fx' in 0.011000 s with warnings:
C:\Users\tetfy\OneDrive\Рабочий стол\QWLEY SHADE\reshade-shaders\Shaders\RSRetroArch\vt220_night.fx(164, 16): warning X3206: implicit truncation of vector type
C:\Users\tetfy\OneDrive\Рабочий стол\QWLEY SHADE\reshade-shaders\Shaders\RSRetroArch\vt220_night.fx(165, 14): warning X3206: implicit truncation of vector type
C:\Users\tetfy\OneDrive\Рабочий стол\QWLEY SHADE\reshade-shaders\Shaders\RSRetroArch\vt220_night.fx(166, 8): warning X3206: implicit truncation of vector type

18:54:54:734 [55656] | INFO  | Successfully compiled 'C:\Users\tetfy\OneDrive\Рабочий стол\QWLEY SHADE\reshade-shaders\Shaders\ReShade_HDR_shaders\lilium__inverse_tone_mapping.fx' in 0.031000 s.
18:54:54:734 [53312] | INFO  | Successfully compiled 'C:\Users\tetfy\OneDrive\Рабочий стол\QWLEY SHADE\reshade-shaders\Shaders\UIMask.fx' in 0.010000 s.
18:54:54:735 [63088] | INFO  | Successfully compiled 'C:\Users\tetfy\OneDrive\Рабочий стол\QWLEY SHADE\reshade-shaders\Shaders\GShade-Shaders\Pirate_Bloom.fx' in 0.012000 s.
18:54:54:735 [20684] | INFO  | Successfully compiled 'C:\Users\tetfy\OneDrive\Рабочий стол\QWLEY SHADE\reshade-shaders\Shaders\PD80\PD80_04_Selective_Color.fx' in 0.013000 s.
18:54:54:736 [ 2896] | INFO  | Successfully compiled 'C:\Users\tetfy\OneDrive\Рабочий стол\QWLEY SHADE\reshade-shaders\Shaders\FXShaders\FocalDOF.fx' in 0.012000 s.
18:54:54:737 [  764] | INFO  | Successfully compiled 'C:\Users\tetfy\OneDrive\Рабочий стол\QWLEY SHADE\reshade-shaders\Shaders\METEOR\MartysMods_NVSHARPEN.fx' in 0.014000 s.
18:54:54:737 [10400] | WARN  | Successfully compiled 'C:\Users\tetfy\OneDrive\Рабочий стол\QWLEY SHADE\reshade-shaders\Shaders\RSRetroArch\Deconverge.fx' in 0.010000 s with warnings:
C:\Users\tetfy\OneDrive\Рабочий стол\QWLEY SHADE\reshade-shaders\Shaders\RSRetroArch\Deconverge.fx(80, 17): warning X3206: implicit truncation of vector type
C:\Users\tetfy\OneDrive\Рабочий стол\QWLEY SHADE\reshade-shaders\Shaders\RSRetroArch\Deconverge.fx(81, 17): warning X3206: implicit truncation of vector type
C:\Users\tetfy\OneDrive\Рабочий стол\QWLEY SHADE\reshade-shaders\Shaders\RSRetroArch\Deconverge.fx(88, 17): warning X3206: implicit truncation of vector type
C:\Users\tetfy\OneDrive\Рабочий стол\QWLEY SHADE\reshade-shaders\Shaders\RSRetroArch\Deconverge.fx(89, 17): warning X3206: implicit truncation of vector type

18:54:54:737 [ 6660] | INFO  | Successfully compiled 'C:\Users\tetfy\OneDrive\Рабочий стол\QWLEY SHADE\reshade-shaders\Shaders\Fubax\FilmicAnamorphSharpen.fx' in 0.011000 s.
18:54:54:737 [ 8988] | INFO  | Successfully compiled 'C:\Users\tetfy\OneDrive\Рабочий стол\QWLEY SHADE\reshade-shaders\Shaders\GShade-Shaders\ColorMod.fx' in 0.010000 s.
18:54:54:742 [51096] | INFO  | Successfully compiled 'C:\Users\tetfy\OneDrive\Рабочий стол\QWLEY SHADE\reshade-shaders\Shaders\Daodan\MeshEdges.fx' in 0.010000 s.
18:54:54:743 [56844] | INFO  | Successfully compiled 'C:\Users\tetfy\OneDrive\Рабочий стол\QWLEY SHADE\reshade-shaders\Shaders\Insane-Shaders\ContrastStretch.fx' in 0.014000 s.
18:54:54:745 [41784] | INFO  | Successfully compiled 'C:\Users\tetfy\OneDrive\Рабочий стол\QWLEY SHADE\reshade-shaders\Shaders\RSRetroArch\zfast_crt.fx' in 0.012000 s.
18:54:54:746 [53312] | INFO  | Successfully compiled 'C:\Users\tetfy\OneDrive\Рабочий стол\QWLEY SHADE\reshade-shaders\Shaders\verfx\faithful_composite_decode.fx' in 0.011000 s.
18:54:54:746 [41268] | INFO  | Successfully compiled 'C:\Users\tetfy\OneDrive\Рабочий стол\QWLEY SHADE\reshade-shaders\Shaders\Anagrama\blur.fx' in 0.022000 s.
18:54:54:747 [ 2896] | INFO  | Successfully compiled 'C:\Users\tetfy\OneDrive\Рабочий стол\QWLEY SHADE\reshade-shaders\Shaders\FXShaders\FramerateLimiter.fx' in 0.011000 s.
18:54:54:750 [10400] | INFO  | Successfully compiled 'C:\Users\tetfy\OneDrive\Рабочий стол\QWLEY SHADE\reshade-shaders\Shaders\RSRetroArch\Defocus.fx' in 0.011000 s.
18:54:54:750 [ 8988] | INFO  | Successfully compiled 'C:\Users\tetfy\OneDrive\Рабочий стол\QWLEY SHADE\reshade-shaders\Shaders\GShade-Shaders\ColorToAlpha.fx' in 0.011000 s.
18:54:54:750 [ 6660] | INFO  | Successfully compiled 'C:\Users\tetfy\OneDrive\Рабочий стол\QWLEY SHADE\reshade-shaders\Shaders\Fubax\FilmicSharpen.fx' in 0.012000 s.
18:54:54:751 [63088] | INFO  | Successfully compiled 'C:\Users\tetfy\OneDrive\Рабочий стол\QWLEY SHADE\reshade-shaders\Shaders\GShade-Shaders\Pirate_Depth_DOF.fx' in 0.016000 s.
18:54:54:752 [20684] | INFO  | Successfully compiled 'C:\Users\tetfy\OneDrive\Рабочий стол\QWLEY SHADE\reshade-shaders\Shaders\PD80\PD80_04_Selective_Color_v2.fx' in 0.017000 s.
18:54:54:754 [51096] | INFO  | Successfully compiled 'C:\Users\tetfy\OneDrive\Рабочий стол\QWLEY SHADE\reshade-shaders\Shaders\Daodan\MultiTonePoster.fx' in 0.012000 s.
18:54:54:757 [  764] | INFO  | Successfully compiled 'C:\Users\tetfy\OneDrive\Рабочий стол\QWLEY SHADE\reshade-shaders\Shaders\METEOR\MartysMods_SCENEWEAVER.fx' in 0.020000 s.
18:54:54:757 [56844] | INFO  | Successfully compiled 'C:\Users\tetfy\OneDrive\Рабочий стол\QWLEY SHADE\reshade-shaders\Shaders\Insane-Shaders\DeepFry.fx' in 0.013000 s.
18:54:54:757 [53312] | INFO  | Successfully compiled 'C:\Users\tetfy\OneDrive\Рабочий стол\QWLEY SHADE\reshade-shaders\Shaders\verfx\faithful_composite_encode.fx' in 0.011000 s.
18:54:54:761 [ 8988] | INFO  | Successfully compiled 'C:\Users\tetfy\OneDrive\Рабочий стол\QWLEY SHADE\reshade-shaders\Shaders\GShade-Shaders\ColShift.fx' in 0.010000 s.
18:54:54:761 [ 2896] | INFO  | Successfully compiled 'C:\Users\tetfy\OneDrive\Рабочий стол\QWLEY SHADE\reshade-shaders\Shaders\FXShaders\HexLensFlare.fx' in 0.012000 s.
18:54:54:761 [10400] | INFO  | Successfully compiled 'C:\Users\tetfy\OneDrive\Рабочий стол\QWLEY SHADE\reshade-shaders\Shaders\RSRetroArch\DOSGame.fx' in 0.010000 s.
18:54:54:762 [ 6660] | INFO  | Successfully compiled 'C:\Users\tetfy\OneDrive\Рабочий стол\QWLEY SHADE\reshade-shaders\Shaders\Fubax\Flipbook.fx' in 0.011000 s.
18:54:54:763 [63088] | INFO  | Successfully compiled 'C:\Users\tetfy\OneDrive\Рабочий стол\QWLEY SHADE\reshade-shaders\Shaders\GShade-Shaders\Pirate_Depth_GI.fx' in 0.012000 s.
18:54:54:763 [20684] | INFO  | Successfully compiled 'C:\Users\tetfy\OneDrive\Рабочий стол\QWLEY SHADE\reshade-shaders\Shaders\PD80\PD80_04_Technicolor.fx' in 0.010000 s.
18:54:54:766 [63252] | INFO  | Successfully compiled 'C:\Users\tetfy\OneDrive\Рабочий стол\QWLEY SHADE\reshade-shaders\Shaders\Barbatos\BaBa_SSR.fx' in 0.055000 s.
18:54:54:766 [55656] | INFO  | Successfully compiled 'C:\Users\tetfy\OneDrive\Рабочий стол\QWLEY SHADE\reshade-shaders\Shaders\ReShade_HDR_shaders\lilium__map_sdr_into_hdr.fx' in 0.032000 s.
18:54:54:767 [51096] | WARN  | Successfully compiled 'C:\Users\tetfy\OneDrive\Рабочий стол\QWLEY SHADE\reshade-shaders\Shaders\Daodan\RemoveTint.fx' in 0.013000 s with warnings:
C:\Users\tetfy\OneDrive\Рабочий стол\QWLEY SHADE\reshade-shaders\Shaders\Daodan\RemoveTint.fx(69, 64): warning X3206: implicit truncation of vector type
C:\Users\tetfy\OneDrive\Рабочий стол\QWLEY SHADE\reshade-shaders\Shaders\Daodan\RemoveTint.fx(85, 76): warning X3206: implicit truncation of vector type
C:\Users\tetfy\OneDrive\Рабочий стол\QWLEY SHADE\reshade-shaders\Shaders\Daodan\RemoveTint.fx(100, 94): warning X3206: implicit truncation of vector type
C:\Users\tetfy\OneDrive\Рабочий стол\QWLEY SHADE\reshade-shaders\Shaders\Daodan\RemoveTint.fx(101, 94): warning X3206: implicit truncation of vector type
C:\Users\tetfy\OneDrive\Рабочий стол\QWLEY SHADE\reshade-shaders\Shaders\Daodan\RemoveTint.fx(110, 76): warning X3206: implicit truncation of vector type
C:\Users\tetfy\OneDrive\Рабочий стол\QWLEY SHADE\reshade-shaders\Shaders\Daodan\RemoveTint.fx(111, 76): warning X3206: implicit truncation of vector type
C:\Users\tetfy\OneDrive\Рабочий стол\QWLEY SHADE\reshade-shaders\Shaders\Daodan\RemoveTint.fx(116, 72): warning X3206: implicit truncation of vector type
C:\Users\tetfy\OneDrive\Рабочий стол\QWLEY SHADE\reshade-shaders\Shaders\Daodan\RemoveTint.fx(117, 72): warning X3206: implicit truncation of vector type

18:54:54:770 [41784] | WARN  | Successfully compiled 'C:\Users\tetfy\OneDrive\Рабочий стол\QWLEY SHADE\reshade-shaders\Shaders\SHADERDECK\SHADERDECK\ATMOSPHERE.fx' in 0.025000 s with warnings:
C:\Users\tetfy\OneDrive\Рабочий стол\QWLEY SHADE\reshade-shaders\Shaders\SHADERDECK\SHADERDECK\Include/Functions/GaussianBlurBounds.fxh(41, 8): warning X3206: implicit truncation of vector type
C:\Users\tetfy\OneDrive\Рабочий стол\QWLEY SHADE\reshade-shaders\Shaders\SHADERDECK\SHADERDECK\Include/Functions/GaussianBlurBounds.fxh(84, 8): warning X3206: implicit truncation of vector type
C:\Users\tetfy\OneDrive\Рабочий стол\QWLEY SHADE\reshade-shaders\Shaders\SHADERDECK\SHADERDECK\ATMOSPHERE.fx(135, 15): warning X3206: implicit truncation of vector type
C:\Users\tetfy\OneDrive\Рабочий стол\QWLEY SHADE\reshade-shaders\Shaders\SHADERDECK\SHADERDECK\ATMOSPHERE.fx(141, 15): warning X3206: implicit truncation of vector type
C:\Users\tetfy\OneDrive\Рабочий стол\QWLEY SHADE\reshade-shaders\Shaders\SHADERDECK\SHADERDECK\ATMOSPHERE.fx(235, 24): warning X3206: implicit truncation of vector type
C:\Users\tetfy\OneDrive\Рабочий стол\QWLEY SHADE\reshade-shaders\Shaders\SHADERDECK\SHADERDECK\ATMOSPHERE.fx(245, 21): warning X3206: implicit truncation of vector type

18:54:54:772 [  764] | INFO  | Successfully compiled 'C:\Users\tetfy\OneDrive\Рабочий стол\QWLEY SHADE\reshade-shaders\Shaders\METEOR\MartysMods_TODDYHANCER.fx' in 0.013000 s.
18:54:54:772 [ 8988] | INFO  | Successfully compiled 'C:\Users\tetfy\OneDrive\Рабочий стол\QWLEY SHADE\reshade-shaders\Shaders\GShade-Shaders\Composition.fx' in 0.011000 s.
18:54:54:773 [53312] | INFO  | Successfully compiled 'C:\Users\tetfy\OneDrive\Рабочий стол\QWLEY SHADE\reshade-shaders\Shaders\verfx\faithful_ntsc.fx' in 0.014000 s.
18:54:54:773 [10400] | INFO  | Successfully compiled 'C:\Users\tetfy\OneDrive\Рабочий стол\QWLEY SHADE\reshade-shaders\Shaders\RSRetroArch\EGAfilter.fx' in 0.011000 s.
18:54:54:774 [ 6660] | INFO  | Successfully compiled 'C:\Users\tetfy\OneDrive\Рабочий стол\QWLEY SHADE\reshade-shaders\Shaders\Fubax\Image.fx' in 0.011000 s.
18:54:54:775 [63088] | INFO  | Successfully compiled 'C:\Users\tetfy\OneDrive\Рабочий стол\QWLEY SHADE\reshade-shaders\Shaders\GShade-Shaders\Pirate_FXAA.fx' in 0.010000 s.
18:54:54:777 [20684] | INFO  | Successfully compiled 'C:\Users\tetfy\OneDrive\Рабочий стол\QWLEY SHADE\reshade-shaders\Shaders\PD80\PD80_05_Sharpening.fx' in 0.012000 s.
18:54:54:778 [ 2896] | INFO  | Successfully compiled 'C:\Users\tetfy\OneDrive\Рабочий стол\QWLEY SHADE\reshade-shaders\Shaders\FXShaders\LiquidLens.fx' in 0.016000 s.
18:54:54:778 [41268] | INFO  | Successfully compiled 'C:\Users\tetfy\OneDrive\Рабочий стол\QWLEY SHADE\reshade-shaders\Shaders\Anagrama\hyperblur.fx' in 0.030000 s.
18:54:54:779 [51096] | INFO  | Successfully compiled 'C:\Users\tetfy\OneDrive\Рабочий стол\QWLEY SHADE\reshade-shaders\Shaders\Daodan\RetroTint.fx' in 0.010000 s.
18:54:54:782 [56844] | INFO  | Successfully compiled 'C:\Users\tetfy\OneDrive\Рабочий стол\QWLEY SHADE\reshade-shaders\Shaders\Insane-Shaders\Dehaze.fx' in 0.023000 s.
18:54:54:783 [  764] | INFO  | Successfully compiled 'C:\Users\tetfy\OneDrive\Рабочий стол\QWLEY SHADE\reshade-shaders\Shaders\NightVision.fx' in 0.011000 s.
18:54:54:785 [ 8988] | INFO  | Successfully compiled 'C:\Users\tetfy\OneDrive\Рабочий стол\QWLEY SHADE\reshade-shaders\Shaders\GShade-Shaders\CrossProcess.fx' in 0.012000 s.
18:54:54:786 [ 6660] | INFO  | Successfully compiled 'C:\Users\tetfy\OneDrive\Рабочий стол\QWLEY SHADE\reshade-shaders\Shaders\Fubax\Interlaced.fx' in 0.012000 s.
18:54:54:787 [10400] | INFO  | Successfully compiled 'C:\Users\tetfy\OneDrive\Рабочий стол\QWLEY SHADE\reshade-shaders\Shaders\RSRetroArch\GTU.fx' in 0.013000 s.
18:54:54:790 [63088] | INFO  | Successfully compiled 'C:\Users\tetfy\OneDrive\Рабочий стол\QWLEY SHADE\reshade-shaders\Shaders\GShade-Shaders\PPFX_Bloom.fx' in 0.015000 s.
18:54:54:790 [20684] | INFO  | Successfully compiled 'C:\Users\tetfy\OneDrive\Рабочий стол\QWLEY SHADE\reshade-shaders\Shaders\PD80\PD80_06_Chromatic_Aberration.fx' in 0.013000 s.
18:54:54:792 [51096] | INFO  | Successfully compiled 'C:\Users\tetfy\OneDrive\Рабочий стол\QWLEY SHADE\reshade-shaders\Shaders\Deband.fx' in 0.012000 s.
18:54:54:795 [  764] | INFO  | Successfully compiled 'C:\Users\tetfy\OneDrive\Рабочий стол\QWLEY SHADE\reshade-shaders\Shaders\OtisFX\AdaptiveFog.fx' in 0.011000 s.
18:54:54:796 [56844] | INFO  | Successfully compiled 'C:\Users\tetfy\OneDrive\Рабочий стол\QWLEY SHADE\reshade-shaders\Shaders\Insane-Shaders\GaussianBlurCS.fx' in 0.014000 s.
18:54:54:797 [41268] | INFO  | Successfully compiled 'C:\Users\tetfy\OneDrive\Рабочий стол\QWLEY SHADE\reshade-shaders\Shaders\Ann-ReShade\BAYER.fx' in 0.018000 s.
18:54:54:800 [10400] | INFO  | Successfully compiled 'C:\Users\tetfy\OneDrive\Рабочий стол\QWLEY SHADE\reshade-shaders\Shaders\RSRetroArch\ImageAdjustment.fx' in 0.012000 s.
18:54:54:801 [ 6660] | INFO  | Successfully compiled 'C:\Users\tetfy\OneDrive\Рабочий стол\QWLEY SHADE\reshade-shaders\Shaders\Fubax\LensDistort.fx' in 0.014000 s.
18:54:54:802 [ 2896] | INFO  | Successfully compiled 'C:\Users\tetfy\OneDrive\Рабочий стол\QWLEY SHADE\reshade-shaders\Shaders\FXShaders\MagicHDR.fx' in 0.024000 s.
18:54:54:802 [53312] | INFO  | Successfully compiled 'C:\Users\tetfy\OneDrive\Рабочий стол\QWLEY SHADE\reshade-shaders\Shaders\vort_Shaders\vort_Motion.fx' in 0.029000 s.
18:54:54:803 [51096] | INFO  | Successfully compiled 'C:\Users\tetfy\OneDrive\Рабочий стол\QWLEY SHADE\reshade-shaders\Shaders\Denoise.fx' in 0.011000 s.
18:54:54:803 [41784] | WARN  | Successfully compiled 'C:\Users\tetfy\OneDrive\Рабочий стол\QWLEY SHADE\reshade-shaders\Shaders\SHADERDECK\SHADERDECK\FILMDECK.fx' in 0.031000 s with warnings:
C:\Users\tetfy\OneDrive\Рабочий стол\QWLEY SHADE\reshade-shaders\Shaders\SHADERDECK\SHADERDECK\Include/Functions/GaussianBlurBounds.fxh(41, 8): warning X3206: implicit truncation of vector type
C:\Users\tetfy\OneDrive\Рабочий стол\QWLEY SHADE\reshade-shaders\Shaders\SHADERDECK\SHADERDECK\Include/Functions/GaussianBlurBounds.fxh(84, 8): warning X3206: implicit truncation of vector type
C:\Users\tetfy\OneDrive\Рабочий стол\QWLEY SHADE\reshade-shaders\Shaders\SHADERDECK\SHADERDECK\FILMDECK.fx(496, 18): warning X3206: implicit truncation of vector type

18:54:54:803 [ 8988] | INFO  | Successfully compiled 'C:\Users\tetfy\OneDrive\Рабочий стол\QWLEY SHADE\reshade-shaders\Shaders\GShade-Shaders\CRTGeomMOD.fx' in 0.018000 s.
18:54:54:804 [63088] | INFO  | Successfully compiled 'C:\Users\tetfy\OneDrive\Рабочий стол\QWLEY SHADE\reshade-shaders\Shaders\GShade-Shaders\PPFX_Godrays.fx' in 0.013000 s.
18:54:54:805 [20684] | INFO  | Successfully compiled 'C:\Users\tetfy\OneDrive\Рабочий стол\QWLEY SHADE\reshade-shaders\Shaders\PD80\PD80_06_Depth_Slicer.fx' in 0.014000 s.
18:54:54:807 [55656] | INFO  | Successfully compiled 'C:\Users\tetfy\OneDrive\Рабочий стол\QWLEY SHADE\reshade-shaders\Shaders\ReShade_HDR_shaders\lilium__rcas_hdr.fx' in 0.039000 s.
18:54:54:808 [56844] | INFO  | Successfully compiled 'C:\Users\tetfy\OneDrive\Рабочий стол\QWLEY SHADE\reshade-shaders\Shaders\Insane-Shaders\Halftone.fx' in 0.011000 s.
18:54:54:812 [63252] | INFO  | Successfully compiled 'C:\Users\tetfy\OneDrive\Рабочий стол\QWLEY SHADE\reshade-shaders\Shaders\Barbatos\BaBa_SSR_Lite.fx' in 0.044000 s.
18:54:54:812 [10400] | WARN  | Successfully compiled 'C:\Users\tetfy\OneDrive\Рабочий стол\QWLEY SHADE\reshade-shaders\Shaders\RSRetroArch\JPEG.fx' in 0.011000 s with warnings:
C:\Users\tetfy\OneDrive\Рабочий стол\QWLEY SHADE\reshade-shaders\Shaders\RSRetroArch\JPEG.fx(79, 29): warning X3206: implicit truncation of vector type

18:54:54:812 [ 6660] | INFO  | Successfully compiled 'C:\Users\tetfy\OneDrive\Рабочий стол\QWLEY SHADE\reshade-shaders\Shaders\Fubax\Letterbox.fx' in 0.010000 s.
18:54:54:814 [ 2896] | INFO  | Successfully compiled 'C:\Users\tetfy\OneDrive\Рабочий стол\QWLEY SHADE\reshade-shaders\Shaders\FXShaders\MBMB.fx' in 0.012000 s.
18:54:54:816 [ 8988] | INFO  | Successfully compiled 'C:\Users\tetfy\OneDrive\Рабочий стол\QWLEY SHADE\reshade-shaders\Shaders\GShade-Shaders\Deblur.fx' in 0.012000 s.
18:54:54:818 [41268] | INFO  | Successfully compiled 'C:\Users\tetfy\OneDrive\Рабочий стол\QWLEY SHADE\reshade-shaders\Shaders\Ann-ReShade\CMYK.fx' in 0.020000 s.
18:54:54:820 [20684] | INFO  | Successfully compiled 'C:\Users\tetfy\OneDrive\Рабочий стол\QWLEY SHADE\reshade-shaders\Shaders\PD80\PD80_06_Film_Grain.fx' in 0.013000 s.
18:54:54:820 [41784] | INFO  | Successfully compiled 'C:\Users\tetfy\OneDrive\Рабочий стол\QWLEY SHADE\reshade-shaders\Shaders\SHADERDECK\SHADERDECK\FSR1_2X.fx' in 0.015000 s.
18:54:54:820 [63088] | INFO  | Successfully compiled 'C:\Users\tetfy\OneDrive\Рабочий стол\QWLEY SHADE\reshade-shaders\Shaders\GShade-Shaders\PPFX_SSDO.fx' in 0.015000 s.
18:54:54:821 [  764] | INFO  | Successfully compiled 'C:\Users\tetfy\OneDrive\Рабочий стол\QWLEY SHADE\reshade-shaders\Shaders\OtisFX\CinematicDOF.fx' in 0.025000 s.
18:54:54:821 [53312] | INFO  | Successfully compiled 'C:\Users\tetfy\OneDrive\Рабочий стол\QWLEY SHADE\reshade-shaders\Shaders\vort_Shaders\vort_Static.fx' in 0.018000 s.
18:54:54:822 [56844] | INFO  | Successfully compiled 'C:\Users\tetfy\OneDrive\Рабочий стол\QWLEY SHADE\reshade-shaders\Shaders\Insane-Shaders\LocalContrastCS.fx' in 0.013000 s.
18:54:54:824 [ 6660] | INFO  | Successfully compiled 'C:\Users\tetfy\OneDrive\Рабочий стол\QWLEY SHADE\reshade-shaders\Shaders\Fubax\LUTTools.fx' in 0.011000 s.
18:54:54:825 [ 2896] | INFO  | Successfully compiled 'C:\Users\tetfy\OneDrive\Рабочий стол\QWLEY SHADE\reshade-shaders\Shaders\FXShaders\MinimalColorGrading.fx' in 0.010000 s.
18:54:54:825 [10400] | WARN  | Successfully compiled 'C:\Users\tetfy\OneDrive\Рабочий стол\QWLEY SHADE\reshade-shaders\Shaders\RSRetroArch\LeiFX_OA.fx' in 0.013000 s with warnings:
C:\Users\tetfy\OneDrive\Рабочий стол\QWLEY SHADE\reshade-shaders\Shaders\RSRetroArch\LeiFX_OA.fx(121, 14): warning X3206: implicit truncation of vector type
C:\Users\tetfy\OneDrive\Рабочий стол\QWLEY SHADE\reshade-shaders\Shaders\RSRetroArch\LeiFX_OA.fx(272, 16): warning X3206: implicit truncation of vector type

18:54:54:828 [ 8988] | INFO  | Successfully compiled 'C:\Users\tetfy\OneDrive\Рабочий стол\QWLEY SHADE\reshade-shaders\Shaders\GShade-Shaders\DepthSharpen.fx' in 0.011000 s.
18:54:54:831 [63088] | INFO  | Successfully compiled 'C:\Users\tetfy\OneDrive\Рабочий стол\QWLEY SHADE\reshade-shaders\Shaders\GShade-Shaders\Reinhard.fx' in 0.010000 s.
18:54:54:833 [56844] | INFO  | Successfully compiled 'C:\Users\tetfy\OneDrive\Рабочий стол\QWLEY SHADE\reshade-shaders\Shaders\Insane-Shaders\Mouse.fx' in 0.010000 s.
18:54:54:833 [  764] | INFO  | Successfully compiled 'C:\Users\tetfy\OneDrive\Рабочий стол\QWLEY SHADE\reshade-shaders\Shaders\OtisFX\DepthDarkness.fx' in 0.011000 s.
18:54:54:833 [20684] | INFO  | Successfully compiled 'C:\Users\tetfy\OneDrive\Рабочий стол\QWLEY SHADE\reshade-shaders\Shaders\PD80\PD80_06_Luma_Fade.fx' in 0.013000 s.
18:54:54:833 [63252] | INFO  | Successfully compiled 'C:\Users\tetfy\OneDrive\Рабочий стол\QWLEY SHADE\reshade-shaders\Shaders\Barbatos\BaBa_VividTone.fx' in 0.020000 s.
18:54:54:833 [53312] | INFO  | Successfully compiled 'C:\Users\tetfy\OneDrive\Рабочий стол\QWLEY SHADE\reshade-shaders\Shaders\VRToolkit\VRToolkit.fx' in 0.012000 s.
18:54:54:835 [ 6660] | INFO  | Successfully compiled 'C:\Users\tetfy\OneDrive\Рабочий стол\QWLEY SHADE\reshade-shaders\Shaders\Fubax\MonitorGamma.fx' in 0.011000 s.
18:54:54:836 [41268] | INFO  | Successfully compiled 'C:\Users\tetfy\OneDrive\Рабочий стол\QWLEY SHADE\reshade-shaders\Shaders\Ann-ReShade\DINN - BASE.fx' in 0.018000 s.
18:54:54:837 [10400] | INFO  | Successfully compiled 'C:\Users\tetfy\OneDrive\Рабочий стол\QWLEY SHADE\reshade-shaders\Shaders\RSRetroArch\MattiasCRT.fx' in 0.012000 s.
18:54:54:838 [ 2896] | INFO  | Successfully compiled 'C:\Users\tetfy\OneDrive\Рабочий стол\QWLEY SHADE\reshade-shaders\Shaders\FXShaders\MultiFX.fx' in 0.012000 s.
18:54:54:839 [ 8988] | INFO  | Successfully compiled 'C:\Users\tetfy\OneDrive\Рабочий стол\QWLEY SHADE\reshade-shaders\Shaders\GShade-Shaders\DepthSharpenStaticDof.fx' in 0.011000 s.
18:54:54:841 [55656] | INFO  | Successfully compiled 'C:\Users\tetfy\OneDrive\Рабочий стол\QWLEY SHADE\reshade-shaders\Shaders\ReShade_HDR_shaders\lilium__sdr_trc_fix.fx' in 0.033000 s.
18:54:54:846 [20684] | INFO  | Successfully compiled 'C:\Users\tetfy\OneDrive\Рабочий стол\QWLEY SHADE\reshade-shaders\Shaders\PD80\PD80_06_Posterize_Pixelate.fx' in 0.012000 s.
18:54:54:846 [56844] | INFO  | Successfully compiled 'C:\Users\tetfy\OneDrive\Рабочий стол\QWLEY SHADE\reshade-shaders\Shaders\Insane-Shaders\Oilify.fx' in 0.013000 s.
18:54:54:846 [  764] | INFO  | Successfully compiled 'C:\Users\tetfy\OneDrive\Рабочий стол\QWLEY SHADE\reshade-shaders\Shaders\OtisFX\DepthHaze.fx' in 0.013000 s.
18:54:54:848 [63088] | INFO  | Successfully compiled 'C:\Users\tetfy\OneDrive\Рабочий стол\QWLEY SHADE\reshade-shaders\Shaders\GShade-Shaders\RetroTV.fx' in 0.016000 s.
18:54:54:848 [ 6660] | INFO  | Successfully compiled 'C:\Users\tetfy\OneDrive\Рабочий стол\QWLEY SHADE\reshade-shaders\Shaders\Fubax\PerfectPerspective_Cinema.fx' in 0.012000 s.
18:54:54:848 [53312] | INFO  | Successfully compiled 'C:\Users\tetfy\OneDrive\Рабочий стол\QWLEY SHADE\reshade-shaders\Shaders\Warp-FX\BulgePinch.fx' in 0.014000 s.
18:54:54:849 [10400] | INFO  | Successfully compiled 'C:\Users\tetfy\OneDrive\Рабочий стол\QWLEY SHADE\reshade-shaders\Shaders\RSRetroArch\MCAmber.fx' in 0.011000 s.
18:54:54:850 [ 8988] | INFO  | Successfully compiled 'C:\Users\tetfy\OneDrive\Рабочий стол\QWLEY SHADE\reshade-shaders\Shaders\GShade-Shaders\DisplayMod.fx' in 0.010000 s.
18:54:54:853 [ 2896] | INFO  | Successfully compiled 'C:\Users\tetfy\OneDrive\Рабочий стол\QWLEY SHADE\reshade-shaders\Shaders\FXShaders\NeoBloom.fx' in 0.015000 s.
18:54:54:858 [41268] | INFO  | Successfully compiled 'C:\Users\tetfy\OneDrive\Рабочий стол\QWLEY SHADE\reshade-shaders\Shaders\Ann-ReShade\DINN - DIFF.fx' in 0.021000 s.
18:54:54:859 [63088] | INFO  | Successfully compiled 'C:\Users\tetfy\OneDrive\Рабочий стол\QWLEY SHADE\reshade-shaders\Shaders\GShade-Shaders\SimpleBloom.fx' in 0.010000 s.
18:54:54:859 [  764] | INFO  | Successfully compiled 'C:\Users\tetfy\OneDrive\Рабочий стол\QWLEY SHADE\reshade-shaders\Shaders\OtisFX\DirectionalDepthBlur.fx' in 0.012000 s.
18:54:54:859 [10400] | INFO  | Successfully compiled 'C:\Users\tetfy\OneDrive\Рабочий стол\QWLEY SHADE\reshade-shaders\Shaders\RSRetroArch\MCGreen.fx' in 0.009000 s.
18:54:54:860 [ 8988] | INFO  | Successfully compiled 'C:\Users\tetfy\OneDrive\Рабочий стол\QWLEY SHADE\reshade-shaders\Shaders\GShade-Shaders\DropShadow.fx' in 0.010000 s.
18:54:54:861 [53312] | INFO  | Successfully compiled 'C:\Users\tetfy\OneDrive\Рабочий стол\QWLEY SHADE\reshade-shaders\Shaders\Warp-FX\Drunk.fx' in 0.013000 s.
18:54:54:862 [ 6660] | INFO  | Successfully compiled 'C:\Users\tetfy\OneDrive\Рабочий стол\QWLEY SHADE\reshade-shaders\Shaders\Fubax\PerfectPerspective_Dual.fx' in 0.014000 s.
18:54:54:865 [ 2896] | INFO  | Successfully compiled 'C:\Users\tetfy\OneDrive\Рабочий стол\QWLEY SHADE\reshade-shaders\Shaders\FXShaders\NormalMap.fx' in 0.011000 s.
18:54:54:868 [63088] | INFO  | Successfully compiled 'C:\Users\tetfy\OneDrive\Рабочий стол\QWLEY SHADE\reshade-shaders\Shaders\GShade-Shaders\SkySave.fx' in 0.009000 s.
18:54:54:869 [10400] | INFO  | Successfully compiled 'C:\Users\tetfy\OneDrive\Рабочий стол\QWLEY SHADE\reshade-shaders\Shaders\RSRetroArch\MCOrange.fx' in 0.009000 s.
18:54:54:870 [  764] | INFO  | Successfully compiled 'C:\Users\tetfy\OneDrive\Рабочий стол\QWLEY SHADE\reshade-shaders\Shaders\OtisFX\Emphasize.fx' in 0.010000 s.
18:54:54:870 [ 8988] | INFO  | Successfully compiled 'C:\Users\tetfy\OneDrive\Рабочий стол\QWLEY SHADE\reshade-shaders\Shaders\GShade-Shaders\Emboss.fx' in 0.009000 s.
18:54:54:872 [63252] | INFO  | Successfully compiled 'C:\Users\tetfy\OneDrive\Рабочий стол\QWLEY SHADE\reshade-shaders\Shaders\Barbatos\BaBa_XeGTAO.fx' in 0.038000 s.
18:54:54:874 [56844] | INFO  | Successfully compiled 'C:\Users\tetfy\OneDrive\Рабочий стол\QWLEY SHADE\reshade-shaders\Shaders\Insane-Shaders\ReVeil.fx' in 0.027000 s.
18:54:54:874 [55656] | INFO  | Successfully compiled 'C:\Users\tetfy\OneDrive\Рабочий стол\QWLEY SHADE\reshade-shaders\Shaders\ReShade_HDR_shaders\lilium__test_pattern_generator.fx' in 0.032000 s.
18:54:54:875 [53312] | INFO  | Successfully compiled 'C:\Users\tetfy\OneDrive\Рабочий стол\QWLEY SHADE\reshade-shaders\Shaders\Warp-FX\RadialSlitScan.fx' in 0.012000 s.
18:54:54:875 [51096] | INFO  | Successfully compiled 'C:\Users\tetfy\OneDrive\Рабочий стол\QWLEY SHADE\reshade-shaders\Shaders\Depth3D\SuperDepth3D.fx' in 0.071000 s.
18:54:54:875 [ 6660] | INFO  | Successfully compiled 'C:\Users\tetfy\OneDrive\Рабочий стол\QWLEY SHADE\reshade-shaders\Shaders\Fubax\PerfectPerspective_Fisheye.fx' in 0.012000 s.
18:54:54:876 [ 2896] | INFO  | Successfully compiled 'C:\Users\tetfy\OneDrive\Рабочий стол\QWLEY SHADE\reshade-shaders\Shaders\FXShaders\Overlay.fx' in 0.010000 s.
18:54:54:877 [41268] | INFO  | Successfully compiled 'C:\Users\tetfy\OneDrive\Рабочий стол\QWLEY SHADE\reshade-shaders\Shaders\Ann-ReShade\DINN - GAUSS.fx' in 0.019000 s.
18:54:54:879 [63088] | INFO  | Successfully compiled 'C:\Users\tetfy\OneDrive\Рабочий стол\QWLEY SHADE\reshade-shaders\Shaders\GShade-Shaders\SmartDeNoise.fx' in 0.010000 s.
18:54:54:881 [  764] | INFO  | Successfully compiled 'C:\Users\tetfy\OneDrive\Рабочий стол\QWLEY SHADE\reshade-shaders\Shaders\OtisFX\GoldenRatio.fx' in 0.010000 s.
18:54:54:881 [20684] | INFO  | Successfully compiled 'C:\Users\tetfy\OneDrive\Рабочий стол\QWLEY SHADE\reshade-shaders\Shaders\potatoFX\pCamera.fx' in 0.035000 s.
18:54:54:882 [ 8988] | INFO  | Successfully compiled 'C:\Users\tetfy\OneDrive\Рабочий стол\QWLEY SHADE\reshade-shaders\Shaders\GShade-Shaders\ExtendedLevels.fx' in 0.011000 s.
18:54:54:883 [10400] | WARN  | Successfully compiled 'C:\Users\tetfy\OneDrive\Рабочий стол\QWLEY SHADE\reshade-shaders\Shaders\RSRetroArch\mdapt.fx' in 0.014000 s with warnings:
C:\Users\tetfy\OneDrive\Рабочий стол\QWLEY SHADE\reshade-shaders\Shaders\RSRetroArch\mdapt.fx(450, 1): error X3020: 'V__texMDAPTPassA': cannot sample from texture that is also used as render target in the same pass

18:54:54:887 [56844] | INFO  | Successfully compiled 'C:\Users\tetfy\OneDrive\Рабочий стол\QWLEY SHADE\reshade-shaders\Shaders\Insane-Shaders\SharpContrast.fx' in 0.013000 s.
18:54:54:888 [ 6660] | INFO  | Successfully compiled 'C:\Users\tetfy\OneDrive\Рабочий стол\QWLEY SHADE\reshade-shaders\Shaders\Fubax\Prism.fx' in 0.012000 s.
18:54:54:889 [53312] | INFO  | Successfully compiled 'C:\Users\tetfy\OneDrive\Рабочий стол\QWLEY SHADE\reshade-shaders\Shaders\Warp-FX\Ripple.fx' in 0.014000 s.
18:54:54:889 [ 2896] | INFO  | Successfully compiled 'C:\Users\tetfy\OneDrive\Рабочий стол\QWLEY SHADE\reshade-shaders\Shaders\FXShaders\PiecewiseFilmicTonemap.fx' in 0.013000 s.
18:54:54:889 [51096] | INFO  | Successfully compiled 'C:\Users\tetfy\OneDrive\Рабочий стол\QWLEY SHADE\reshade-shaders\Shaders\DH\dh_ahoh.fx' in 0.013000 s.
18:54:54:889 [63088] | INFO  | Successfully compiled 'C:\Users\tetfy\OneDrive\Рабочий стол\QWLEY SHADE\reshade-shaders\Shaders\GShade-Shaders\SmartNoise.fx' in 0.010000 s.
18:54:54:893 [ 8988] | INFO  | Successfully compiled 'C:\Users\tetfy\OneDrive\Рабочий стол\QWLEY SHADE\reshade-shaders\Shaders\GShade-Shaders\FastSharpen.fx' in 0.010000 s.
18:54:54:893 [20684] | INFO  | Successfully compiled 'C:\Users\tetfy\OneDrive\Рабочий стол\QWLEY SHADE\reshade-shaders\Shaders\potatoFX\pColorNoise.fx' in 0.011000 s.
18:54:54:894 [  764] | INFO  | Successfully compiled 'C:\Users\tetfy\OneDrive\Рабочий стол\QWLEY SHADE\reshade-shaders\Shaders\OtisFX\Heightfog.fx' in 0.013000 s.
18:54:54:894 [10400] | INFO  | Successfully compiled 'C:\Users\tetfy\OneDrive\Рабочий стол\QWLEY SHADE\reshade-shaders\Shaders\RSRetroArch\MetaCRT.fx' in 0.010000 s.
18:54:54:895 [41268] | INFO  | Successfully compiled 'C:\Users\tetfy\OneDrive\Рабочий стол\QWLEY SHADE\reshade-shaders\Shaders\Ann-ReShade\PixelShifter.fx' in 0.016000 s.
18:54:54:898 [56844] | INFO  | Successfully compiled 'C:\Users\tetfy\OneDrive\Рабочий стол\QWLEY SHADE\reshade-shaders\Shaders\Insane-Shaders\UIMaskCreator.fx' in 0.010000 s.
18:54:54:898 [ 6660] | INFO  | Successfully compiled 'C:\Users\tetfy\OneDrive\Рабочий стол\QWLEY SHADE\reshade-shaders\Shaders\Fubax\SimpleGrain.fx' in 0.010000 s.
18:54:54:899 [63252] | INFO  | Successfully compiled 'C:\Users\tetfy\OneDrive\Рабочий стол\QWLEY SHADE\reshade-shaders\Shaders\BFBFX\AO.fx' in 0.027000 s.
18:54:54:900 [63088] | INFO  | Successfully compiled 'C:\Users\tetfy\OneDrive\Рабочий стол\QWLEY SHADE\reshade-shaders\Shaders\GShade-Shaders\Spotlight.fx' in 0.010000 s.
18:54:54:901 [53312] | INFO  | Successfully compiled 'C:\Users\tetfy\OneDrive\Рабочий стол\QWLEY SHADE\reshade-shaders\Shaders\Warp-FX\SlitScan.fx' in 0.012000 s.
18:54:54:902 [ 2896] | WARN  | Successfully compiled 'C:\Users\tetfy\OneDrive\Рабочий стол\QWLEY SHADE\reshade-shaders\Shaders\FXShaders\Pong.fx' in 0.013000 s with warnings:
C:\Users\tetfy\OneDrive\Рабочий стол\QWLEY SHADE\reshade-shaders\Shaders\FXShaders\FXShaders/Digits.fxh(827, 31): warning X3206: implicit truncation of vector type
C:\Users\tetfy\OneDrive\Рабочий стол\QWLEY SHADE\reshade-shaders\Shaders\FXShaders\Pong.fx(244, 38): warning X3206: implicit truncation of vector type

18:54:54:902 [ 8988] | INFO  | Successfully compiled 'C:\Users\tetfy\OneDrive\Рабочий стол\QWLEY SHADE\reshade-shaders\Shaders\GShade-Shaders\Fisheye Horizontal.fx' in 0.010000 s.
18:54:54:903 [51096] | INFO  | Successfully compiled 'C:\Users\tetfy\OneDrive\Рабочий стол\QWLEY SHADE\reshade-shaders\Shaders\DH\dh_ambient_remove.fx' in 0.014000 s.
18:54:54:906 [  764] | INFO  | Successfully compiled 'C:\Users\tetfy\OneDrive\Рабочий стол\QWLEY SHADE\reshade-shaders\Shaders\OtisFX\MagicBorder.fx' in 0.011000 s.
18:54:54:906 [20684] | INFO  | Successfully compiled 'C:\Users\tetfy\OneDrive\Рабочий стол\QWLEY SHADE\reshade-shaders\Shaders\potatoFX\pColors.fx' in 0.012000 s.
18:54:54:907 [10400] | INFO  | Successfully compiled 'C:\Users\tetfy\OneDrive\Рабочий стол\QWLEY SHADE\reshade-shaders\Shaders\RSRetroArch\MMJCelShader.fx' in 0.012000 s.
18:54:54:907 [55656] | INFO  | Successfully compiled 'C:\Users\tetfy\OneDrive\Рабочий стол\QWLEY SHADE\reshade-shaders\Shaders\ReShade_HDR_shaders\lilium__tone_mapping.fx' in 0.032000 s.
18:54:54:910 [56844] | INFO  | Successfully compiled 'C:\Users\tetfy\OneDrive\Рабочий стол\QWLEY SHADE\reshade-shaders\Shaders\Insane-Shaders\VRS_Map.fx' in 0.011000 s.
18:54:54:911 [ 6660] | INFO  | Successfully compiled 'C:\Users\tetfy\OneDrive\Рабочий стол\QWLEY SHADE\reshade-shaders\Shaders\Fubax\SunsetFilter.fx' in 0.012000 s.
18:54:54:914 [63088] | INFO  | Successfully compiled 'C:\Users\tetfy\OneDrive\Рабочий стол\QWLEY SHADE\reshade-shaders\Shaders\GShade-Shaders\StageDepth.fx' in 0.013000 s.
18:54:54:914 [ 8988] | INFO  | Successfully compiled 'C:\Users\tetfy\OneDrive\Рабочий стол\QWLEY SHADE\reshade-shaders\Shaders\GShade-Shaders\Fisheye Vertical.fx' in 0.011000 s.
18:54:54:915 [53312] | INFO  | Successfully compiled 'C:\Users\tetfy\OneDrive\Рабочий стол\QWLEY SHADE\reshade-shaders\Shaders\Warp-FX\SplicedRadials.fx' in 0.012000 s.
18:54:54:915 [ 2896] | INFO  | Successfully compiled 'C:\Users\tetfy\OneDrive\Рабочий стол\QWLEY SHADE\reshade-shaders\Shaders\FXShaders\RetroFog.fx' in 0.011000 s.
18:54:54:917 [  764] | INFO  | Successfully compiled 'C:\Users\tetfy\OneDrive\Рабочий стол\QWLEY SHADE\reshade-shaders\Shaders\OtisFX\MultiLUT.fx' in 0.010000 s.
18:54:54:917 [10400] | INFO  | Successfully compiled 'C:\Users\tetfy\OneDrive\Рабочий стол\QWLEY SHADE\reshade-shaders\Shaders\RSRetroArch\N64_3Point.fx' in 0.010000 s.
18:54:54:918 [55656] | INFO  | Successfully compiled 'C:\Users\tetfy\OneDrive\Рабочий стол\QWLEY SHADE\reshade-shaders\Shaders\Retro Shaders\Retro Shaders\PS1Dither.fx' in 0.010000 s.
18:54:54:918 [20684] | INFO  | Successfully compiled 'C:\Users\tetfy\OneDrive\Рабочий стол\QWLEY SHADE\reshade-shaders\Shaders\potatoFX\pPalettePosterize.fx' in 0.012000 s.
18:54:54:919 [41268] | INFO  | Successfully compiled 'C:\Users\tetfy\OneDrive\Рабочий стол\QWLEY SHADE\reshade-shaders\Shaders\AstrayFX\BloomingHDR.fx' in 0.024000 s.
18:54:54:919 [51096] | INFO  | Successfully compiled 'C:\Users\tetfy\OneDrive\Рабочий стол\QWLEY SHADE\reshade-shaders\Shaders\DH\dh_anime.fx' in 0.016000 s.
18:54:54:921 [56844] | INFO  | Successfully compiled 'C:\Users\tetfy\OneDrive\Рабочий стол\QWLEY SHADE\reshade-shaders\Shaders\LevelsPlus.fx' in 0.011000 s.
18:54:54:924 [ 6660] | INFO  | Successfully compiled 'C:\Users\tetfy\OneDrive\Рабочий стол\QWLEY SHADE\reshade-shaders\Shaders\Fubax\TiltShift.fx' in 0.012000 s.
18:54:54:925 [ 2896] | INFO  | Successfully compiled 'C:\Users\tetfy\OneDrive\Рабочий стол\QWLEY SHADE\reshade-shaders\Shaders\FXShaders\SCurve.fx' in 0.010000 s.
18:54:54:926 [63088] | INFO  | Successfully compiled 'C:\Users\tetfy\OneDrive\Рабочий стол\QWLEY SHADE\reshade-shaders\Shaders\GShade-Shaders\SurfaceBlur.fx' in 0.011000 s.
18:54:54:926 [ 8988] | INFO  | Successfully compiled 'C:\Users\tetfy\OneDrive\Рабочий стол\QWLEY SHADE\reshade-shaders\Shaders\GShade-Shaders\GAUSSIAN.fx' in 0.012000 s.
18:54:54:928 [53312] | INFO  | Successfully compiled 'C:\Users\tetfy\OneDrive\Рабочий стол\QWLEY SHADE\reshade-shaders\Shaders\Warp-FX\Swirl.fx' in 0.012000 s.
18:54:54:928 [63252] | INFO  | Successfully compiled 'C:\Users\tetfy\OneDrive\Рабочий стол\QWLEY SHADE\reshade-shaders\Shaders\BFBFX\GI.fx' in 0.027000 s.
18:54:54:928 [10400] | INFO  | Successfully compiled 'C:\Users\tetfy\OneDrive\Рабочий стол\QWLEY SHADE\reshade-shaders\Shaders\RSRetroArch\nGlide_3DFX.fx' in 0.010000 s.
18:54:54:929 [55656] | INFO  | Successfully compiled 'C:\Users\tetfy\OneDrive\Рабочий стол\QWLEY SHADE\reshade-shaders\Shaders\Retro Shaders\Retro Shaders\Resizer.fx' in 0.011000 s.
18:54:54:930 [20684] | INFO  | Successfully compiled 'C:\Users\tetfy\OneDrive\Рабочий стол\QWLEY SHADE\reshade-shaders\Shaders\Ptho-FX\DownsampleSSAA.fx' in 0.011000 s.
18:54:54:931 [51096] | INFO  | Successfully compiled 'C:\Users\tetfy\OneDrive\Рабочий стол\QWLEY SHADE\reshade-shaders\Shaders\DH\dh_canvas.fx' in 0.010000 s.
18:54:54:932 [  764] | INFO  | Successfully compiled 'C:\Users\tetfy\OneDrive\Рабочий стол\QWLEY SHADE\reshade-shaders\Shaders\OtisFX\PandaFX.fx' in 0.015000 s.
18:54:54:932 [56844] | INFO  | Successfully compiled 'C:\Users\tetfy\OneDrive\Рабочий стол\QWLEY SHADE\reshade-shaders\Shaders\LightDoF.fx' in 0.011000 s.
18:54:54:936 [63088] | INFO  | Successfully compiled 'C:\Users\tetfy\OneDrive\Рабочий стол\QWLEY SHADE\reshade-shaders\Shaders\GShade-Shaders\ThreeColorGradient.fx' in 0.010000 s.
18:54:54:938 [ 2896] | INFO  | Successfully compiled 'C:\Users\tetfy\OneDrive\Рабочий стол\QWLEY SHADE\reshade-shaders\Shaders\FXShaders\Sketch.fx' in 0.011000 s.
18:54:54:938 [ 6660] | INFO  | Successfully compiled 'C:\Users\tetfy\OneDrive\Рабочий стол\QWLEY SHADE\reshade-shaders\Shaders\Fubax\TripleMonitor.fx' in 0.013000 s.
18:54:54:938 [53312] | INFO  | Successfully compiled 'C:\Users\tetfy\OneDrive\Рабочий стол\QWLEY SHADE\reshade-shaders\Shaders\Warp-FX\TinyPlanet.fx' in 0.010000 s.
18:54:54:939 [ 8988] | INFO  | Successfully compiled 'C:\Users\tetfy\OneDrive\Рабочий стол\QWLEY SHADE\reshade-shaders\Shaders\GShade-Shaders\GaussianBloom.fx' in 0.012000 s.
18:54:54:939 [10400] | INFO  | Successfully compiled 'C:\Users\tetfy\OneDrive\Рабочий стол\QWLEY SHADE\reshade-shaders\Shaders\RSRetroArch\ntsc.fx' in 0.011000 s.
18:54:54:941 [55656] | INFO  | Successfully compiled 'C:\Users\tetfy\OneDrive\Рабочий стол\QWLEY SHADE\reshade-shaders\Shaders\RSRetroArch\3DFX.fx' in 0.011000 s.
18:54:54:941 [41268] | INFO  | Successfully compiled 'C:\Users\tetfy\OneDrive\Рабочий стол\QWLEY SHADE\reshade-shaders\Shaders\AstrayFX\Clarity.fx' in 0.021000 s.
18:54:54:943 [51096] | INFO  | Successfully compiled 'C:\Users\tetfy\OneDrive\Рабочий стол\QWLEY SHADE\reshade-shaders\Shaders\DH\dh_Lain.fx' in 0.011000 s.
18:54:54:944 [20684] | INFO  | Successfully compiled 'C:\Users\tetfy\OneDrive\Рабочий стол\QWLEY SHADE\reshade-shaders\Shaders\Pumbo\AdvancedAutoHDR.fx' in 0.013000 s.
18:54:54:945 [  764] | INFO  | Successfully compiled 'C:\Users\tetfy\OneDrive\Рабочий стол\QWLEY SHADE\reshade-shaders\Shaders\PD80\PD80_01A_RT_Correct_Contrast.fx' in 0.012000 s.
18:54:54:949 [ 8988] | INFO  | Successfully compiled 'C:\Users\tetfy\OneDrive\Рабочий стол\QWLEY SHADE\reshade-shaders\Shaders\GShade-Shaders\GlobalAlpha.fx' in 0.009000 s.
18:54:54:950 [56844] | INFO  | Successfully compiled 'C:\Users\tetfy\OneDrive\Рабочий стол\QWLEY SHADE\reshade-shaders\Shaders\LumeniteFX\lumenite_AnamorphicBloom.fx' in 0.016000 s.
18:54:54:951 [ 2896] | INFO  | Successfully compiled 'C:\Users\tetfy\OneDrive\Рабочий стол\QWLEY SHADE\reshade-shaders\Shaders\FXShaders\TrackingRays.fx' in 0.013000 s.
18:54:54:951 [53312] | INFO  | Successfully compiled 'C:\Users\tetfy\OneDrive\Рабочий стол\QWLEY SHADE\reshade-shaders\Shaders\Warp-FX\Wave.fx' in 0.012000 s.
18:54:54:951 [55656] | INFO  | Successfully compiled 'C:\Users\tetfy\OneDrive\Рабочий стол\QWLEY SHADE\reshade-shaders\Shaders\RSRetroArch\BasicCRT.fx' in 0.009000 s.
18:54:54:951 [63088] | INFO  | Successfully compiled 'C:\Users\tetfy\OneDrive\Рабочий стол\QWLEY SHADE\reshade-shaders\Shaders\GShade-Shaders\VerticalPreviewer.fx' in 0.014000 s.
18:54:54:952 [45952] | INFO  | Successfully compiled 'C:\Users\tetfy\OneDrive\Рабочий стол\QWLEY SHADE\reshade-shaders\Shaders\CRT-Royale\crt-royale.fx' in 0.264000 s.
18:54:54:952 [ 6660] | INFO  | Successfully compiled 'C:\Users\tetfy\OneDrive\Рабочий стол\QWLEY SHADE\reshade-shaders\Shaders\Fubax\Vectorscope.fx' in 0.014000 s.
18:54:54:952 [10400] | INFO  | Successfully compiled 'C:\Users\tetfy\OneDrive\Рабочий стол\QWLEY SHADE\reshade-shaders\Shaders\RSRetroArch\NTSC_RetroArch.fx' in 0.012000 s.
18:54:54:953 [41784] | INFO  | Successfully compiled 'C:\Users\tetfy\OneDrive\Рабочий стол\QWLEY SHADE\reshade-shaders\Shaders\Shades\Shades\shades_TFAA.fx' in 0.133000 s.
18:54:54:954 [51096] | INFO  | Successfully compiled 'C:\Users\tetfy\OneDrive\Рабочий стол\QWLEY SHADE\reshade-shaders\Shaders\DH\dh_pastel_bug.fx' in 0.010000 s.
18:54:54:956 [20684] | INFO  | Successfully compiled 'C:\Users\tetfy\OneDrive\Рабочий стол\QWLEY SHADE\reshade-shaders\Shaders\Pumbo\ConvertColorSpace.fx' in 0.012000 s.
18:54:54:960 [  764] | INFO  | Successfully compiled 'C:\Users\tetfy\OneDrive\Рабочий стол\QWLEY SHADE\reshade-shaders\Shaders\PD80\PD80_01B_RT_Correct_Color.fx' in 0.014000 s.
18:54:54:960 [41268] | INFO  | Successfully compiled 'C:\Users\tetfy\OneDrive\Рабочий стол\QWLEY SHADE\reshade-shaders\Shaders\AstrayFX\Depth_Cues.fx' in 0.018000 s.
18:54:54:963 [55656] | INFO  | Successfully compiled 'C:\Users\tetfy\OneDrive\Рабочий стол\QWLEY SHADE\reshade-shaders\Shaders\RSRetroArch\Cathode.fx' in 0.011000 s.
18:54:54:964 [41784] | INFO  | Successfully compiled 'C:\Users\tetfy\OneDrive\Рабочий стол\QWLEY SHADE\reshade-shaders\Shaders\smolbbsoop\smolbbsoop_HDR_Converter.fx' in 0.009000 s.
18:54:54:964 [51096] | INFO  | Successfully compiled 'C:\Users\tetfy\OneDrive\Рабочий стол\QWLEY SHADE\reshade-shaders\Shaders\DH\dh_sync.fx' in 0.010000 s.
18:54:54:964 [ 8988] | INFO  | Successfully compiled 'C:\Users\tetfy\OneDrive\Рабочий стол\QWLEY SHADE\reshade-shaders\Shaders\GShade-Shaders\GuestCRT.fx' in 0.015000 s.
18:54:54:966 [10400] | INFO  | Successfully compiled 'C:\Users\tetfy\OneDrive\Рабочий стол\QWLEY SHADE\reshade-shaders\Shaders\RSRetroArch\NTSC_RetroArch_NoScanlines.fx' in 0.013000 s.
18:54:54:966 [ 6660] | INFO  | Successfully compiled 'C:\Users\tetfy\OneDrive\Рабочий стол\QWLEY SHADE\reshade-shaders\Shaders\Fubax\Waveform.fx' in 0.014000 s.
18:54:54:966 [53312] | INFO  | Successfully compiled 'C:\Users\tetfy\OneDrive\Рабочий стол\QWLEY SHADE\reshade-shaders\Shaders\Warp-FX\ZigZag.fx' in 0.015000 s.
18:54:54:966 [ 2896] | INFO  | Successfully compiled 'C:\Users\tetfy\OneDrive\Рабочий стол\QWLEY SHADE\reshade-shaders\Shaders\FXShaders\UnrealLens.fx' in 0.016000 s.
18:54:54:971 [63088] | INFO  | Successfully compiled 'C:\Users\tetfy\OneDrive\Рабочий стол\QWLEY SHADE\reshade-shaders\Shaders\GShade-Shaders\VHSPro.fx' in 0.019000 s.
18:54:54:972 [56844] | INFO  | Successfully compiled 'C:\Users\tetfy\OneDrive\Рабочий стол\QWLEY SHADE\reshade-shaders\Shaders\LumeniteFX\lumenite_Kernel.fx' in 0.022000 s.
18:54:54:972 [  764] | INFO  | Successfully compiled 'C:\Users\tetfy\OneDrive\Рабочий стол\QWLEY SHADE\reshade-shaders\Shaders\PD80\PD80_01_Color_Gamut.fx' in 0.011000 s.
18:54:54:972 [20684] | INFO  | Successfully compiled 'C:\Users\tetfy\OneDrive\Рабочий стол\QWLEY SHADE\reshade-shaders\Shaders\qUINT\qUINT_bloom.fx' in 0.016000 s.
18:54:54:974 [55656] | INFO  | Successfully compiled 'C:\Users\tetfy\OneDrive\Рабочий стол\QWLEY SHADE\reshade-shaders\Shaders\RSRetroArch\Chromaticity.fx' in 0.010000 s.
18:54:54:975 [41784] | INFO  | Successfully compiled 'C:\Users\tetfy\OneDrive\Рабочий стол\QWLEY SHADE\reshade-shaders\Shaders\smolbbsoop\smolbbsoop_RadialBlur.fx' in 0.011000 s.
18:54:54:976 [45952] | INFO  | Successfully compiled 'C:\Users\tetfy\OneDrive\Рабочий стол\QWLEY SHADE\reshade-shaders\Shaders\CShade\cAutoExposure.fx' in 0.023000 s.
18:54:54:977 [10400] | INFO  | Successfully compiled 'C:\Users\tetfy\OneDrive\Рабочий стол\QWLEY SHADE\reshade-shaders\Shaders\RSRetroArch\PAL.fx' in 0.011000 s.
18:54:54:977 [ 8988] | INFO  | Successfully compiled 'C:\Users\tetfy\OneDrive\Рабочий стол\QWLEY SHADE\reshade-shaders\Shaders\GShade-Shaders\Halation.fx' in 0.012000 s.
18:54:54:978 [41268] | INFO  | Successfully compiled 'C:\Users\tetfy\OneDrive\Рабочий стол\QWLEY SHADE\reshade-shaders\Shaders\AstrayFX\DLAA_Plus.fx' in 0.017000 s.
18:54:54:978 [ 6660] | INFO  | Successfully compiled 'C:\Users\tetfy\OneDrive\Рабочий стол\QWLEY SHADE\reshade-shaders\Shaders\Fubax\ZebraLines.fx' in 0.011000 s.
18:54:54:978 [51096] | INFO  | Successfully compiled 'C:\Users\tetfy\OneDrive\Рабочий стол\QWLEY SHADE\reshade-shaders\Shaders\DH\dh_uber_mask.fx' in 0.013000 s.
18:54:54:980 [ 2896] | INFO  | Successfully compiled 'C:\Users\tetfy\OneDrive\Рабочий стол\QWLEY SHADE\reshade-shaders\Shaders\FXShaders\Unsharp.fx' in 0.013000 s.
18:54:54:981 [63088] | INFO  | Successfully compiled 'C:\Users\tetfy\OneDrive\Рабочий стол\QWLEY SHADE\reshade-shaders\Shaders\GShade-Shaders\WatchDogs.fx' in 0.009000 s.
18:54:54:983 [63252] | INFO  | Successfully compiled 'C:\Users\tetfy\OneDrive\Рабочий стол\QWLEY SHADE\reshade-shaders\Shaders\BFBFX\ZenWork.fx' in 0.054000 s.
18:54:54:985 [20684] | INFO  | Successfully compiled 'C:\Users\tetfy\OneDrive\Рабочий стол\QWLEY SHADE\reshade-shaders\Shaders\qUINT\qUINT_deband.fx' in 0.011000 s.
18:54:54:986 [55656] | INFO  | Successfully compiled 'C:\Users\tetfy\OneDrive\Рабочий стол\QWLEY SHADE\reshade-shaders\Shaders\RSRetroArch\ChromaticitySimplified.fx' in 0.011000 s.
18:54:54:986 [41784] | INFO  | Successfully compiled 'C:\Users\tetfy\OneDrive\Рабочий стол\QWLEY SHADE\reshade-shaders\Shaders\SweetFX\ASCII.fx' in 0.011000 s.
18:54:54:989 [  764] | INFO  | Successfully compiled 'C:\Users\tetfy\OneDrive\Рабочий стол\QWLEY SHADE\reshade-shaders\Shaders\PD80\PD80_02_Bloom.fx' in 0.016000 s.
18:54:54:990 [56844] | INFO  | Successfully compiled 'C:\Users\tetfy\OneDrive\Рабочий стол\QWLEY SHADE\reshade-shaders\Shaders\LumeniteFX\lumenite_LSAO.fx' in 0.017000 s.
18:54:54:991 [10400] | WARN  | Successfully compiled 'C:\Users\tetfy\OneDrive\Рабочий стол\QWLEY SHADE\reshade-shaders\Shaders\RSRetroArch\Phosphor.fx' in 0.012000 s with warnings:
C:\Users\tetfy\OneDrive\Рабочий стол\QWLEY SHADE\reshade-shaders\Shaders\RSRetroArch\Phosphor.fx(42, 41): warning X3206: implicit truncation of vector type

18:54:54:991 [ 8988] | INFO  | Successfully compiled 'C:\Users\tetfy\OneDrive\Рабочий стол\QWLEY SHADE\reshade-shaders\Shaders\GShade-Shaders\HueFX.fx' in 0.013000 s.
18:54:54:992 [51096] | INFO  | Successfully compiled 'C:\Users\tetfy\OneDrive\Рабочий стол\QWLEY SHADE\reshade-shaders\Shaders\DH\dh_uber_motion.fx' in 0.013000 s.
18:54:54:992 [53312] | INFO  | Successfully compiled 'C:\Users\tetfy\OneDrive\Рабочий стол\QWLEY SHADE\reshade-shaders\Shaders\ZenteonFX\BETA_ZenRCAO.fx' in 0.025000 s.
18:54:54:993 [ 6660] | INFO  | Successfully compiled 'C:\Users\tetfy\OneDrive\Рабочий стол\QWLEY SHADE\reshade-shaders\Shaders\FXShaders\AdaptiveTonemapper.fx' in 0.014000 s.
18:54:54:993 [ 2896] | INFO  | Successfully compiled 'C:\Users\tetfy\OneDrive\Рабочий стол\QWLEY SHADE\reshade-shaders\Shaders\FXShaders\VirtualResolution.fx' in 0.012000 s.
18:54:54:996 [63088] | INFO  | Successfully compiled 'C:\Users\tetfy\OneDrive\Рабочий стол\QWLEY SHADE\reshade-shaders\Shaders\GShade-Shaders\WinUaeMaskGlow.fx' in 0.013000 s.
18:54:54:997 [55656] | INFO  | Successfully compiled 'C:\Users\tetfy\OneDrive\Рабочий стол\QWLEY SHADE\reshade-shaders\Shaders\RSRetroArch\cmyk_halftone_dot.fx' in 0.011000 s.
18:54:54:998 [41784] | INFO  | Successfully compiled 'C:\Users\tetfy\OneDrive\Рабочий стол\QWLEY SHADE\reshade-shaders\Shaders\SweetFX\Border.fx' in 0.011000 s.
18:54:55:000 [41268] | INFO  | Successfully compiled 'C:\Users\tetfy\OneDrive\Рабочий стол\QWLEY SHADE\reshade-shaders\Shaders\AstrayFX\Flair.fx' in 0.022000 s.
18:54:55:002 [  764] | INFO  | Successfully compiled 'C:\Users\tetfy\OneDrive\Рабочий стол\QWLEY SHADE\reshade-shaders\Shaders\PD80\PD80_02_Bonus_LUT_pack.fx' in 0.012000 s.
18:54:55:002 [20684] | INFO  | Successfully compiled 'C:\Users\tetfy\OneDrive\Рабочий стол\QWLEY SHADE\reshade-shaders\Shaders\qUINT\qUINT_dof.fx' in 0.017000 s.
18:54:55:003 [10400] | INFO  | Successfully compiled 'C:\Users\tetfy\OneDrive\Рабочий стол\QWLEY SHADE\reshade-shaders\Shaders\RSRetroArch\PowerVR2.fx' in 0.012000 s.
18:54:55:003 [ 8988] | INFO  | Successfully compiled 'C:\Users\tetfy\OneDrive\Рабочий стол\QWLEY SHADE\reshade-shaders\Shaders\GShade-Shaders\ImageSharpening.fx' in 0.011000 s.
18:54:55:004 [ 2896] | INFO  | Successfully compiled 'C:\Users\tetfy\OneDrive\Рабочий стол\QWLEY SHADE\reshade-shaders\Shaders\FXShaders\WhitepointFixer.fx' in 0.010000 s.
18:54:55:007 [63252] | INFO  | Successfully compiled 'C:\Users\tetfy\OneDrive\Рабочий стол\QWLEY SHADE\reshade-shaders\Shaders\Bloom.fx' in 0.023000 s.
18:54:55:007 [55656] | INFO  | Successfully compiled 'C:\Users\tetfy\OneDrive\Рабочий стол\QWLEY SHADE\reshade-shaders\Shaders\RSRetroArch\ColorMAME.fx' in 0.009000 s.
18:54:55:007 [63088] | INFO  | Successfully compiled 'C:\Users\tetfy\OneDrive\Рабочий стол\QWLEY SHADE\reshade-shaders\Shaders\HighPassSharpen.fx' in 0.011000 s.
18:54:55:007 [53312] | INFO  | Successfully compiled 'C:\Users\tetfy\OneDrive\Рабочий стол\QWLEY SHADE\reshade-shaders\Shaders\ZenteonFX\Zenteon_ATA.fx' in 0.014000 s.
18:54:55:008 [41784] | INFO  | Successfully compiled 'C:\Users\tetfy\OneDrive\Рабочий стол\QWLEY SHADE\reshade-shaders\Shaders\SweetFX\Cartoon.fx' in 0.010000 s.
18:54:55:009 [56844] | INFO  | Successfully compiled 'C:\Users\tetfy\OneDrive\Рабочий стол\QWLEY SHADE\reshade-shaders\Shaders\LumeniteFX\lumenite_QuantAO.fx' in 0.019000 s.
18:54:55:010 [ 6660] | INFO  | Successfully compiled 'C:\Users\tetfy\OneDrive\Рабочий стол\QWLEY SHADE\reshade-shaders\Shaders\FXShaders\ArcaneBloom.fx' in 0.018000 s.
18:54:55:014 [  764] | INFO  | Successfully compiled 'C:\Users\tetfy\OneDrive\Рабочий стол\QWLEY SHADE\reshade-shaders\Shaders\PD80\PD80_02_Cinetools_LUT.fx' in 0.012000 s.
18:54:55:014 [10400] | INFO  | Successfully compiled 'C:\Users\tetfy\OneDrive\Рабочий стол\QWLEY SHADE\reshade-shaders\Shaders\RSRetroArch\R57_PAL.fx' in 0.012000 s.
18:54:55:016 [ 8988] | INFO  | Successfully compiled 'C:\Users\tetfy\OneDrive\Рабочий стол\QWLEY SHADE\reshade-shaders\Shaders\GShade-Shaders\Interlacing.fx' in 0.012000 s.
18:54:55:017 [ 2896] | INFO  | Successfully compiled 'C:\Users\tetfy\OneDrive\Рабочий стол\QWLEY SHADE\reshade-shaders\Shaders\GaussianBlur.fx' in 0.012000 s.
18:54:55:018 [45952] | INFO  | Successfully compiled 'C:\Users\tetfy\OneDrive\Рабочий стол\QWLEY SHADE\reshade-shaders\Shaders\CShade\cBloom.fx' in 0.041000 s.
18:54:55:018 [20684] | INFO  | Successfully compiled 'C:\Users\tetfy\OneDrive\Рабочий стол\QWLEY SHADE\reshade-shaders\Shaders\qUINT\qUINT_lightroom.fx' in 0.015000 s.
18:54:55:019 [63088] | INFO  | Successfully compiled 'C:\Users\tetfy\OneDrive\Рабочий стол\QWLEY SHADE\reshade-shaders\Shaders\HQ4X.fx' in 0.011000 s.
18:54:55:019 [55656] | WARN  | Successfully compiled 'C:\Users\tetfy\OneDrive\Рабочий стол\QWLEY SHADE\reshade-shaders\Shaders\RSRetroArch\CoolRetroTerminal.fx' in 0.012000 s with warnings:
C:\Users\tetfy\OneDrive\Рабочий стол\QWLEY SHADE\reshade-shaders\Shaders\RSRetroArch\CoolRetroTerminal.fx(167, 20): warning X3206: implicit truncation of vector type
C:\Users\tetfy\OneDrive\Рабочий стол\QWLEY SHADE\reshade-shaders\Shaders\RSRetroArch\CoolRetroTerminal.fx(168, 21): warning X3206: implicit truncation of vector type
C:\Users\tetfy\OneDrive\Рабочий стол\QWLEY SHADE\reshade-shaders\Shaders\RSRetroArch\CoolRetroTerminal.fx(174, 25): warning X3206: implicit truncation of vector type
C:\Users\tetfy\OneDrive\Рабочий стол\QWLEY SHADE\reshade-shaders\Shaders\RSRetroArch\CoolRetroTerminal.fx(194, 24): warning X3206: implicit truncation of vector type

18:54:55:019 [53312] | INFO  | Successfully compiled 'C:\Users\tetfy\OneDrive\Рабочий стол\QWLEY SHADE\reshade-shaders\Shaders\ZenteonFX\Zenteon_FilmGrain.fx' in 0.012000 s.
18:54:55:020 [41784] | INFO  | Successfully compiled 'C:\Users\tetfy\OneDrive\Рабочий стол\QWLEY SHADE\reshade-shaders\Shaders\SweetFX\CAS.fx' in 0.011000 s.
18:54:55:023 [ 6660] | INFO  | Successfully compiled 'C:\Users\tetfy\OneDrive\Рабочий стол\QWLEY SHADE\reshade-shaders\Shaders\FXShaders\ArtisticVignette.fx' in 0.011000 s.
18:54:55:024 [63252] | INFO  | Successfully compiled 'C:\Users\tetfy\OneDrive\Рабочий стол\QWLEY SHADE\reshade-shaders\Shaders\brussell\AreaCopy.fx' in 0.017000 s.
18:54:55:025 [ 8988] | INFO  | Successfully compiled 'C:\Users\tetfy\OneDrive\Рабочий стол\QWLEY SHADE\reshade-shaders\Shaders\GShade-Shaders\KeepUI.fx' in 0.010000 s.
18:54:55:026 [41268] | INFO  | Successfully compiled 'C:\Users\tetfy\OneDrive\Рабочий стол\QWLEY SHADE\reshade-shaders\Shaders\AstrayFX\GloomAO.fx' in 0.025000 s.
18:54:55:026 [  764] | INFO  | Successfully compiled 'C:\Users\tetfy\OneDrive\Рабочий стол\QWLEY SHADE\reshade-shaders\Shaders\PD80\PD80_02_LUT_Creator.fx' in 0.011000 s.
18:54:55:028 [10400] | INFO  | Successfully compiled 'C:\Users\tetfy\OneDrive\Рабочий стол\QWLEY SHADE\reshade-shaders\Shaders\RSRetroArch\RetroCRT.fx' in 0.012000 s.
18:54:55:028 [56844] | INFO  | Successfully compiled 'C:\Users\tetfy\OneDrive\Рабочий стол\QWLEY SHADE\reshade-shaders\Shaders\LumeniteFX\lumenite_QuantMotion.fx' in 0.018000 s.
18:54:55:028 [51096] | WARN  | Successfully compiled 'C:\Users\tetfy\OneDrive\Рабочий стол\QWLEY SHADE\reshade-shaders\Shaders\DH\dh_uber_rt.fx' in 0.036000 s with warnings:
C:\Users\tetfy\OneDrive\Рабочий стол\QWLEY SHADE\reshade-shaders\Shaders\DH\dh_uber_rt.fx(3397, 1): error X3020: 'V__DH_UBER_RT_0206__reinhardTex': cannot sample from texture that is also used as render target in the same pass

18:54:55:029 [ 2896] | INFO  | Successfully compiled 'C:\Users\tetfy\OneDrive\Рабочий стол\QWLEY SHADE\reshade-shaders\Shaders\Glitch.fx' in 0.012000 s.
18:54:55:031 [63088] | INFO  | Successfully compiled 'C:\Users\tetfy\OneDrive\Рабочий стол\QWLEY SHADE\reshade-shaders\Shaders\HSLShift.fx' in 0.012000 s.
18:54:55:031 [41784] | INFO  | Successfully compiled 'C:\Users\tetfy\OneDrive\Рабочий стол\QWLEY SHADE\reshade-shaders\Shaders\SweetFX\ChromaticAberration.fx' in 0.011000 s.
18:54:55:032 [55656] | INFO  | Successfully compiled 'C:\Users\tetfy\OneDrive\Рабочий стол\QWLEY SHADE\reshade-shaders\Shaders\RSRetroArch\CRT-Frutbunn.fx' in 0.012000 s.
18:54:55:034 [20684] | INFO  | Successfully compiled 'C:\Users\tetfy\OneDrive\Рабочий стол\QWLEY SHADE\reshade-shaders\Shaders\qUINT\qUINT_mxao.fx' in 0.015000 s.
18:54:55:035 [ 6660] | INFO  | Successfully compiled 'C:\Users\tetfy\OneDrive\Рабочий стол\QWLEY SHADE\reshade-shaders\Shaders\FXShaders\AspectRatioSuite.fx' in 0.012000 s.
18:54:55:039 [ 8988] | INFO  | Successfully compiled 'C:\Users\tetfy\OneDrive\Рабочий стол\QWLEY SHADE\reshade-shaders\Shaders\GShade-Shaders\LevelIO.fx' in 0.013000 s.
18:54:55:040 [10400] | INFO  | Successfully compiled 'C:\Users\tetfy\OneDrive\Рабочий стол\QWLEY SHADE\reshade-shaders\Shaders\RSRetroArch\RGBLCD.fx' in 0.012000 s.
18:54:55:041 [  764] | INFO  | Successfully compiled 'C:\Users\tetfy\OneDrive\Рабочий стол\QWLEY SHADE\reshade-shaders\Shaders\PD80\PD80_03_Color_Space_Curves.fx' in 0.014000 s.
18:54:55:042 [41784] | INFO  | Successfully compiled 'C:\Users\tetfy\OneDrive\Рабочий стол\QWLEY SHADE\reshade-shaders\Shaders\SweetFX\ColorMatrix.fx' in 0.010000 s.
18:54:55:042 [63252] | INFO  | Successfully compiled 'C:\Users\tetfy\OneDrive\Рабочий стол\QWLEY SHADE\reshade-shaders\Shaders\brussell\AreaDiscard.fx' in 0.018000 s.
18:54:55:043 [41268] | INFO  | Successfully compiled 'C:\Users\tetfy\OneDrive\Рабочий стол\QWLEY SHADE\reshade-shaders\Shaders\AstrayFX\NFAA.fx' in 0.016000 s.
18:54:55:043 [51096] | INFO  | Successfully compiled 'C:\Users\tetfy\OneDrive\Рабочий стол\QWLEY SHADE\reshade-shaders\Shaders\DH\DH_UI_TextDetect.fx' in 0.014000 s.
18:54:55:043 [55656] | INFO  | Successfully compiled 'C:\Users\tetfy\OneDrive\Рабочий стол\QWLEY SHADE\reshade-shaders\Shaders\RSRetroArch\crt-nes-mini.fx' in 0.010000 s.
18:54:55:044 [56844] | INFO  | Successfully compiled 'C:\Users\tetfy\OneDrive\Рабочий стол\QWLEY SHADE\reshade-shaders\Shaders\LumeniteFX\lumenite_RTAO.fx' in 0.015000 s.
18:54:55:047 [20684] | INFO  | Successfully compiled 'C:\Users\tetfy\OneDrive\Рабочий стол\QWLEY SHADE\reshade-shaders\Shaders\qUINT\qUINT_sharp.fx' in 0.012000 s.
18:54:55:047 [ 2896] | INFO  | Successfully compiled 'C:\Users\tetfy\OneDrive\Рабочий стол\QWLEY SHADE\reshade-shaders\Shaders\GShade-Shaders\4xBRZ.fx' in 0.017000 s.
18:54:55:048 [53312] | INFO  | Successfully compiled 'C:\Users\tetfy\OneDrive\Рабочий стол\QWLEY SHADE\reshade-shaders\Shaders\ZenteonFX\Zenteon_Framework.fx' in 0.027000 s.
18:54:55:048 [ 6660] | INFO  | Successfully compiled 'C:\Users\tetfy\OneDrive\Рабочий стол\QWLEY SHADE\reshade-shaders\Shaders\FXShaders\Checkerboard.fx' in 0.012000 s.
18:54:55:050 [45952] | INFO  | Successfully compiled 'C:\Users\tetfy\OneDrive\Рабочий стол\QWLEY SHADE\reshade-shaders\Shaders\CShade\cBlurH.fx' in 0.032000 s.
18:54:55:052 [ 8988] | INFO  | Successfully compiled 'C:\Users\tetfy\OneDrive\Рабочий стол\QWLEY SHADE\reshade-shaders\Shaders\GShade-Shaders\LightPersistance.fx' in 0.012000 s.
18:54:55:054 [63088] | INFO  | Successfully compiled 'C:\Users\tetfy\OneDrive\Рабочий стол\QWLEY SHADE\reshade-shaders\Shaders\iMMERSE\MartysMods_FILMGRAIN.fx' in 0.022000 s.
18:54:55:054 [10400] | WARN  | Successfully compiled 'C:\Users\tetfy\OneDrive\Рабочий стол\QWLEY SHADE\reshade-shaders\Shaders\RSRetroArch\scanlines-abs.fx' in 0.013000 s with warnings:
C:\Users\tetfy\OneDrive\Рабочий стол\QWLEY SHADE\reshade-shaders\Shaders\RSRetroArch\scanlines-abs.fx(73, 1): warning X4576: 'PS_ScanlinesAbs': input parameter 'angle' semantic does not match vertex shader one

18:54:55:056 [41784] | INFO  | Successfully compiled 'C:\Users\tetfy\OneDrive\Рабочий стол\QWLEY SHADE\reshade-shaders\Shaders\SweetFX\Compare.fx' in 0.013000 s.
18:54:55:056 [  764] | INFO  | Successfully compiled 'C:\Users\tetfy\OneDrive\Рабочий стол\QWLEY SHADE\reshade-shaders\Shaders\PD80\PD80_03_Curved_Levels.fx' in 0.014000 s.
18:54:55:057 [55656] | INFO  | Successfully compiled 'C:\Users\tetfy\OneDrive\Рабочий стол\QWLEY SHADE\reshade-shaders\Shaders\RSRetroArch\CRT-NewPixie.fx' in 0.013000 s.
18:54:55:058 [51096] | INFO  | Successfully compiled 'C:\Users\tetfy\OneDrive\Рабочий стол\QWLEY SHADE\reshade-shaders\Shaders\DH\dh_undither.fx' in 0.014000 s.
18:54:55:059 [63252] | INFO  | Successfully compiled 'C:\Users\tetfy\OneDrive\Рабочий стол\QWLEY SHADE\reshade-shaders\Shaders\brussell\EyeAdaption.fx' in 0.017000 s.
18:54:55:062 [56844] | INFO  | Successfully compiled 'C:\Users\tetfy\OneDrive\Рабочий стол\QWLEY SHADE\reshade-shaders\Shaders\LumeniteFX\lumenite_SSSR.fx' in 0.016000 s.
18:54:55:062 [ 6660] | INFO  | Successfully compiled 'C:\Users\tetfy\OneDrive\Рабочий стол\QWLEY SHADE\reshade-shaders\Shaders\FXShaders\ColorLab.fx' in 0.013000 s.
18:54:55:063 [ 2896] | INFO  | Successfully compiled 'C:\Users\tetfy\OneDrive\Рабочий стол\QWLEY SHADE\reshade-shaders\Shaders\GShade-Shaders\AdaptiveColorGrading.fx' in 0.015000 s.
18:54:55:064 [20684] | INFO  | Successfully compiled 'C:\Users\tetfy\OneDrive\Рабочий стол\QWLEY SHADE\reshade-shaders\Shaders\qUINT\qUINT_ssr.fx' in 0.016000 s.
18:54:55:064 [53312] | INFO  | Successfully compiled 'C:\Users\tetfy\OneDrive\Рабочий стол\QWLEY SHADE\reshade-shaders\Shaders\ZenteonFX\Zenteon_LocalContrast.fx' in 0.016000 s.
18:54:55:064 [ 8988] | INFO  | Successfully compiled 'C:\Users\tetfy\OneDrive\Рабочий стол\QWLEY SHADE\reshade-shaders\Shaders\GShade-Shaders\LocalContrast.fx' in 0.012000 s.
18:54:55:065 [10400] | INFO  | Successfully compiled 'C:\Users\tetfy\OneDrive\Рабочий стол\QWLEY SHADE\reshade-shaders\Shaders\RSRetroArch\scanlines-fract.fx' in 0.012000 s.
18:54:55:066 [41784] | INFO  | Successfully compiled 'C:\Users\tetfy\OneDrive\Рабочий стол\QWLEY SHADE\reshade-shaders\Shaders\SweetFX\CRT.fx' in 0.010000 s.
18:54:55:068 [55656] | INFO  | Successfully compiled 'C:\Users\tetfy\OneDrive\Рабочий стол\QWLEY SHADE\reshade-shaders\Shaders\RSRetroArch\CRT-Yee64.fx' in 0.010000 s.
18:54:55:071 [  764] | INFO  | Successfully compiled 'C:\Users\tetfy\OneDrive\Рабочий стол\QWLEY SHADE\reshade-shaders\Shaders\PD80\PD80_03_Filmic_Adaptation.fx' in 0.014000 s.
18:54:55:073 [51096] | INFO  | Successfully compiled 'C:\Users\tetfy\OneDrive\Рабочий стол\QWLEY SHADE\reshade-shaders\Shaders\DH\dh_uniformity_correction.fx' in 0.014000 s.
18:54:55:075 [41268] | WARN  | Successfully compiled 'C:\Users\tetfy\OneDrive\Рабочий стол\QWLEY SHADE\reshade-shaders\Shaders\AstrayFX\RadiantGI.fx' in 0.032000 s with warnings:
C:\Users\tetfy\OneDrive\Рабочий стол\QWLEY SHADE\reshade-shaders\Shaders\AstrayFX\RadiantGI.fx(305, 1): error X3020: 'V__PCGIcurrColorTex': cannot sample from texture that is also used as render target in the same pass

18:54:55:077 [ 8988] | INFO  | Successfully compiled 'C:\Users\tetfy\OneDrive\Рабочий стол\QWLEY SHADE\reshade-shaders\Shaders\GShade-Shaders\LumaLines.fx' in 0.011000 s.
18:54:55:077 [ 2896] | INFO  | Successfully compiled 'C:\Users\tetfy\OneDrive\Рабочий стол\QWLEY SHADE\reshade-shaders\Shaders\GShade-Shaders\Bumpmapping.fx' in 0.013000 s.
18:54:55:077 [ 6660] | INFO  | Successfully compiled 'C:\Users\tetfy\OneDrive\Рабочий стол\QWLEY SHADE\reshade-shaders\Shaders\FXShaders\CRT_Lottes.fx' in 0.014000 s.
18:54:55:078 [10400] | INFO  | Successfully compiled 'C:\Users\tetfy\OneDrive\Рабочий стол\QWLEY SHADE\reshade-shaders\Shaders\RSRetroArch\TVCRTPixels.fx' in 0.011000 s.
18:54:55:078 [20684] | INFO  | Successfully compiled 'C:\Users\tetfy\OneDrive\Рабочий стол\QWLEY SHADE\reshade-shaders\Shaders\ReflectiveBumpMapping.fx' in 0.014000 s.
18:54:55:078 [63252] | INFO  | Successfully compiled 'C:\Users\tetfy\OneDrive\Рабочий стол\QWLEY SHADE\reshade-shaders\Shaders\brussell\UIDetect.fx' in 0.017000 s.
18:54:55:079 [56844] | INFO  | Successfully compiled 'C:\Users\tetfy\OneDrive\Рабочий стол\QWLEY SHADE\reshade-shaders\Shaders\LumeniteFX\lumenite_TRAA.fx' in 0.017000 s.
18:54:55:079 [41784] | INFO  | Successfully compiled 'C:\Users\tetfy\OneDrive\Рабочий стол\QWLEY SHADE\reshade-shaders\Shaders\SweetFX\Curves.fx' in 0.011000 s.
18:54:55:080 [55656] | INFO  | Successfully compiled 'C:\Users\tetfy\OneDrive\Рабочий стол\QWLEY SHADE\reshade-shaders\Shaders\RSRetroArch\CRT-Yeetron.fx' in 0.011000 s.
18:54:55:082 [  764] | INFO  | Successfully compiled 'C:\Users\tetfy\OneDrive\Рабочий стол\QWLEY SHADE\reshade-shaders\Shaders\PD80\PD80_03_Levels.fx' in 0.011000 s.
18:54:55:084 [53312] | INFO  | Successfully compiled 'C:\Users\tetfy\OneDrive\Рабочий стол\QWLEY SHADE\reshade-shaders\Shaders\ZenteonFX\Zenteon_Motion.fx' in 0.019000 s.
18:54:55:084 [51096] | INFO  | Successfully compiled 'C:\Users\tetfy\OneDrive\Рабочий стол\QWLEY SHADE\reshade-shaders\Shaders\DisplayDepth.fx' in 0.012000 s.
18:54:55:086 [45952] | INFO  | Successfully compiled 'C:\Users\tetfy\OneDrive\Рабочий стол\QWLEY SHADE\reshade-shaders\Shaders\CShade\cBlurV.fx' in 0.034000 s.
18:54:55:088 [ 2896] | INFO  | Successfully compiled 'C:\Users\tetfy\OneDrive\Рабочий стол\QWLEY SHADE\reshade-shaders\Shaders\GShade-Shaders\CA.fx' in 0.011000 s.
18:54:55:088 [41784] | INFO  | Successfully compiled 'C:\Users\tetfy\OneDrive\Рабочий стол\QWLEY SHADE\reshade-shaders\Shaders\SweetFX\DPX.fx' in 0.010000 s.
18:54:55:089 [56844] | INFO  | Successfully compiled 'C:\Users\tetfy\OneDrive\Рабочий стол\QWLEY SHADE\reshade-shaders\Shaders\LUT.fx' in 0.010000 s.
18:54:55:090 [ 6660] | INFO  | Successfully compiled 'C:\Users\tetfy\OneDrive\Рабочий стол\QWLEY SHADE\reshade-shaders\Shaders\FXShaders\CRT_Yee64.fx' in 0.013000 s.
18:54:55:091 [20684] | INFO  | Successfully compiled 'C:\Users\tetfy\OneDrive\Рабочий стол\QWLEY SHADE\reshade-shaders\Shaders\Rendepth\Rendepth.fx' in 0.013000 s.
18:54:55:091 [55656] | INFO  | Successfully compiled 'C:\Users\tetfy\OneDrive\Рабочий стол\QWLEY SHADE\reshade-shaders\Shaders\RSRetroArch\CRTAperture.fx' in 0.010000 s.
18:54:55:093 [41268] | INFO  | Successfully compiled 'C:\Users\tetfy\OneDrive\Рабочий стол\QWLEY SHADE\reshade-shaders\Shaders\AstrayFX\Smart_Sharp.fx' in 0.017000 s.
18:54:55:095 [  764] | INFO  | Successfully compiled 'C:\Users\tetfy\OneDrive\Рабочий стол\QWLEY SHADE\reshade-shaders\Shaders\PD80\PD80_03_Shadows_Midtones_Highlights.fx' in 0.012000 s.
18:54:55:095 [53312] | INFO  | Successfully compiled 'C:\Users\tetfy\OneDrive\Рабочий стол\QWLEY SHADE\reshade-shaders\Shaders\ZenteonFX\Zenteon_PaletteMap.fx' in 0.010000 s.
18:54:55:096 [63252] | INFO  | Successfully compiled 'C:\Users\tetfy\OneDrive\Рабочий стол\QWLEY SHADE\reshade-shaders\Shaders\BX-Shade\BX_ToyCurveTool.fx' in 0.018000 s.
18:54:55:099 [41784] | INFO  | Successfully compiled 'C:\Users\tetfy\OneDrive\Рабочий стол\QWLEY SHADE\reshade-shaders\Shaders\SweetFX\FakeHDR.fx' in 0.010000 s.
18:54:55:100 [ 2896] | INFO  | Successfully compiled 'C:\Users\tetfy\OneDrive\Рабочий стол\QWLEY SHADE\reshade-shaders\Shaders\GShade-Shaders\CathodeRayTube.fx' in 0.012000 s.
18:54:55:100 [ 6660] | INFO  | Successfully compiled 'C:\Users\tetfy\OneDrive\Рабочий стол\QWLEY SHADE\reshade-shaders\Shaders\FXShaders\CRT_Yeetron.fx' in 0.009000 s.
18:54:55:101 [55656] | INFO  | Successfully compiled 'C:\Users\tetfy\OneDrive\Рабочий стол\QWLEY SHADE\reshade-shaders\Shaders\RSRetroArch\CRTCaligari.fx' in 0.009000 s.
18:54:55:103 [56844] | INFO  | Successfully compiled 'C:\Users\tetfy\OneDrive\Рабочий стол\QWLEY SHADE\reshade-shaders\Shaders\MagicBloom.fx' in 0.013000 s.
18:54:55:105 [63088] | INFO  | Successfully compiled 'C:\Users\tetfy\OneDrive\Рабочий стол\QWLEY SHADE\reshade-shaders\Shaders\iMMERSE\MartysMods_LAUNCHPAD.fx' in 0.050000 s.
18:54:55:106 [45952] | INFO  | Successfully compiled 'C:\Users\tetfy\OneDrive\Рабочий стол\QWLEY SHADE\reshade-shaders\Shaders\CShade\cCAS.fx' in 0.020000 s.
18:54:55:106 [53312] | INFO  | Successfully compiled 'C:\Users\tetfy\OneDrive\Рабочий стол\QWLEY SHADE\reshade-shaders\Shaders\ZenteonFX\Zenteon_Sharpen.fx' in 0.010000 s.
18:54:55:106 [51096] | INFO  | Successfully compiled 'C:\Users\tetfy\OneDrive\Рабочий стол\QWLEY SHADE\reshade-shaders\Shaders\DOF.fx' in 0.021000 s.
18:54:55:107 [41268] | INFO  | Successfully compiled 'C:\Users\tetfy\OneDrive\Рабочий стол\QWLEY SHADE\reshade-shaders\Shaders\AstrayFX\Temporal_AA.fx' in 0.013000 s.
18:54:55:107 [  764] | INFO  | Successfully compiled 'C:\Users\tetfy\OneDrive\Рабочий стол\QWLEY SHADE\reshade-shaders\Shaders\PD80\PD80_04_BlacknWhite.fx' in 0.012000 s.
18:54:55:107 [41784] | INFO  | Successfully compiled 'C:\Users\tetfy\OneDrive\Рабочий стол\QWLEY SHADE\reshade-shaders\Shaders\SweetFX\FilmGrain.fx' in 0.008000 s.
18:54:55:110 [55656] | WARN  | Successfully compiled 'C:\Users\tetfy\OneDrive\Рабочий стол\QWLEY SHADE\reshade-shaders\Shaders\RSRetroArch\CRTcgwg.fx' in 0.008000 s with warnings:
C:\Users\tetfy\OneDrive\Рабочий стол\QWLEY SHADE\reshade-shaders\Shaders\RSRetroArch\CRTcgwg.fx(108, 14): warning X3206: implicit truncation of vector type
C:\Users\tetfy\OneDrive\Рабочий стол\QWLEY SHADE\reshade-shaders\Shaders\RSRetroArch\CRTcgwg.fx(109, 15): warning X3206: implicit truncation of vector type
C:\Users\tetfy\OneDrive\Рабочий стол\QWLEY SHADE\reshade-shaders\Shaders\RSRetroArch\CRTcgwg.fx(129, 16): warning X3206: implicit truncation of vector type
C:\Users\tetfy\OneDrive\Рабочий стол\QWLEY SHADE\reshade-shaders\Shaders\RSRetroArch\CRTcgwg.fx(129, 36): warning X3206: implicit truncation of vector type

18:54:55:115 [63252] | WARN  | Successfully compiled 'C:\Users\tetfy\OneDrive\Рабочий стол\QWLEY SHADE\reshade-shaders\Shaders\BX-Shade\BX_XChannelCurve.fx' in 0.018000 s with warnings:
C:\Users\tetfy\OneDrive\Рабочий стол\QWLEY SHADE\reshade-shaders\Shaders\BX-Shade\BX_XChannelCurve.fx(732, 19): warning X3206: implicit truncation of vector type

18:54:55:117 [51096] | INFO  | Successfully compiled 'C:\Users\tetfy\OneDrive\Рабочий стол\QWLEY SHADE\reshade-shaders\Shaders\FakeMotionBlur.fx' in 0.011000 s.
18:54:55:119 [55656] | WARN  | Successfully compiled 'C:\Users\tetfy\OneDrive\Рабочий стол\QWLEY SHADE\reshade-shaders\Shaders\RSRetroArch\CRTCX.fx' in 0.009000 s with warnings:
C:\Users\tetfy\OneDrive\Рабочий стол\QWLEY SHADE\reshade-shaders\Shaders\RSRetroArch\CRTCX.fx(157, 33): warning X3206: implicit truncation of vector type
C:\Users\tetfy\OneDrive\Рабочий стол\QWLEY SHADE\reshade-shaders\Shaders\RSRetroArch\CRTCX.fx(157, 19): warning X3206: implicit truncation of vector type

18:54:55:120 [53312] | INFO  | Successfully compiled 'C:\Users\tetfy\OneDrive\Рабочий стол\QWLEY SHADE\reshade-shaders\Shaders\ZenteonFX\Zenteon_SSAO_History.fx' in 0.012000 s.
18:54:55:120 [  764] | INFO  | Successfully compiled 'C:\Users\tetfy\OneDrive\Рабочий стол\QWLEY SHADE\reshade-shaders\Shaders\PD80\PD80_04_Color_Balance.fx' in 0.011000 s.
18:54:55:120 [41784] | INFO  | Successfully compiled 'C:\Users\tetfy\OneDrive\Рабочий стол\QWLEY SHADE\reshade-shaders\Shaders\SweetFX\FXAA.fx' in 0.011000 s.
18:54:55:120 [41268] | INFO  | Successfully compiled 'C:\Users\tetfy\OneDrive\Рабочий стол\QWLEY SHADE\reshade-shaders\Shaders\AstrayFX\Trails.fx' in 0.012000 s.
18:54:55:124 [20684] | INFO  | Successfully compiled 'C:\Users\tetfy\OneDrive\Рабочий стол\QWLEY SHADE\reshade-shaders\Shaders\ReShade_HDR_shaders\lilium__blue_noise_dithering.fx' in 0.032000 s.
18:54:55:125 [63088] | INFO  | Successfully compiled 'C:\Users\tetfy\OneDrive\Рабочий стол\QWLEY SHADE\reshade-shaders\Shaders\iMMERSE\MartysMods_MXAO.fx' in 0.019000 s.
18:54:55:125 [45952] | INFO  | Successfully compiled 'C:\Users\tetfy\OneDrive\Рабочий стол\QWLEY SHADE\reshade-shaders\Shaders\CShade\cCheckerBoard.fx' in 0.019000 s.
18:54:55:127 [63252] | INFO  | Successfully compiled 'C:\Users\tetfy\OneDrive\Рабочий стол\QWLEY SHADE\reshade-shaders\Shaders\BX-Shade\CubeLUT1D.fx' in 0.011000 s.
18:54:55:128 [51096] | INFO  | Successfully compiled 'C:\Users\tetfy\OneDrive\Рабочий стол\QWLEY SHADE\reshade-shaders\Shaders\FGFX\FGFXEnergyConservativeFilmGrain.fx' in 0.009000 s.
18:54:55:128 [56844] | INFO  | Successfully compiled 'C:\Users\tetfy\OneDrive\Рабочий стол\QWLEY SHADE\reshade-shaders\Shaders\MaxG3D\HDRBloom.fx' in 0.024000 s.
18:54:55:129 [55656] | INFO  | Successfully compiled 'C:\Users\tetfy\OneDrive\Рабочий стол\QWLEY SHADE\reshade-shaders\Shaders\RSRetroArch\CRTEasymode.fx' in 0.010000 s.
18:54:55:129 [41784] | INFO  | Successfully compiled 'C:\Users\tetfy\OneDrive\Рабочий стол\QWLEY SHADE\reshade-shaders\Shaders\SweetFX\Layer.fx' in 0.010000 s.
18:54:55:134 [  764] | INFO  | Successfully compiled 'C:\Users\tetfy\OneDrive\Рабочий стол\QWLEY SHADE\reshade-shaders\Shaders\PD80\PD80_04_Color_Gradients.fx' in 0.013000 s.
18:54:55:135 [53312] | INFO  | Successfully compiled 'C:\Users\tetfy\OneDrive\Рабочий стол\QWLEY SHADE\reshade-shaders\Shaders\ZenteonFX\Zenteon_TurboGI.fx' in 0.015000 s.
18:54:55:135 [41268] | INFO  | Successfully compiled 'C:\Users\tetfy\OneDrive\Рабочий стол\QWLEY SHADE\reshade-shaders\Shaders\Barbatos\BaBa_Deband.fx' in 0.015000 s.
18:54:55:138 [63252] | INFO  | Successfully compiled 'C:\Users\tetfy\OneDrive\Рабочий стол\QWLEY SHADE\reshade-shaders\Shaders\BX-Shade\CubeLUT3D.fx' in 0.011000 s.
18:54:55:140 [41784] | INFO  | Successfully compiled 'C:\Users\tetfy\OneDrive\Рабочий стол\QWLEY SHADE\reshade-shaders\Shaders\SweetFX\Levels.fx' in 0.008000 s.
18:54:55:141 [55656] | INFO  | Successfully compiled 'C:\Users\tetfy\OneDrive\Рабочий стол\QWLEY SHADE\reshade-shaders\Shaders\RSRetroArch\CRTFakeLottes.fx' in 0.009000 s.
18:54:55:141 [63088] | INFO  | Successfully compiled 'C:\Users\tetfy\OneDrive\Рабочий стол\QWLEY SHADE\reshade-shaders\Shaders\iMMERSE\MartysMods_SHARPEN.fx' in 0.014000 s.
18:54:55:142 [51096] | INFO  | Successfully compiled 'C:\Users\tetfy\OneDrive\Рабочий стол\QWLEY SHADE\reshade-shaders\Shaders\FGFX\FGFXFastCascadedSeparableBlur16X.fx' in 0.013000 s.
18:54:55:144 [  764] | INFO  | Successfully compiled 'C:\Users\tetfy\OneDrive\Рабочий стол\QWLEY SHADE\reshade-shaders\Shaders\PD80\PD80_04_Color_Isolation.fx' in 0.010000 s.
18:54:55:146 [56844] | INFO  | Successfully compiled 'C:\Users\tetfy\OneDrive\Рабочий стол\QWLEY SHADE\reshade-shaders\Shaders\MaxG3D\HDRMotionBlur.fx' in 0.017000 s.
18:54:55:148 [45952] | INFO  | Successfully compiled 'C:\Users\tetfy\OneDrive\Рабочий стол\QWLEY SHADE\reshade-shaders\Shaders\CShade\cDLAA.fx' in 0.021000 s.
18:54:55:149 [41784] | INFO  | Successfully compiled 'C:\Users\tetfy\OneDrive\Рабочий стол\QWLEY SHADE\reshade-shaders\Shaders\SweetFX\LiftGammaGain.fx' in 0.008000 s.
18:54:55:150 [53312] | INFO  | Successfully compiled 'C:\Users\tetfy\OneDrive\Рабочий стол\QWLEY SHADE\reshade-shaders\Shaders\ZenteonFX\Zenteon_XenonBloom.fx' in 0.014000 s.
18:54:55:152 [55656] | INFO  | Successfully compiled 'C:\Users\tetfy\OneDrive\Рабочий стол\QWLEY SHADE\reshade-shaders\Shaders\RSRetroArch\CRTGeom.fx' in 0.011000 s.
18:54:55:154 [63252] | INFO  | Successfully compiled 'C:\Users\tetfy\OneDrive\Рабочий стол\QWLEY SHADE\reshade-shaders\Shaders\CobraFX\CobraMask.fx' in 0.015000 s.
18:54:55:157 [41784] | INFO  | Successfully compiled 'C:\Users\tetfy\OneDrive\Рабочий стол\QWLEY SHADE\reshade-shaders\Shaders\SweetFX\LumaSharpen.fx' in 0.008000 s.
18:54:55:157 [20684] | INFO  | Successfully compiled 'C:\Users\tetfy\OneDrive\Рабочий стол\QWLEY SHADE\reshade-shaders\Shaders\ReShade_HDR_shaders\lilium__cas_hdr.fx' in 0.033000 s.
18:54:55:158 [51096] | INFO  | Successfully compiled 'C:\Users\tetfy\OneDrive\Рабочий стол\QWLEY SHADE\reshade-shaders\Shaders\FGFX\FGFXLargeScalePerceptualObscuranceIrradiance.fx' in 0.016000 s.
18:54:55:160 [56844] | INFO  | Successfully compiled 'C:\Users\tetfy\OneDrive\Рабочий стол\QWLEY SHADE\reshade-shaders\Shaders\MaxG3D\HDRSaturation.fx' in 0.014000 s.
18:54:55:161 [55656] | WARN  | Successfully compiled 'C:\Users\tetfy\OneDrive\Рабочий стол\QWLEY SHADE\reshade-shaders\Shaders\RSRetroArch\CRTHyllian.fx' in 0.009000 s with warnings:
C:\Users\tetfy\OneDrive\Рабочий стол\QWLEY SHADE\reshade-shaders\Shaders\RSRetroArch\CRTHyllian.fx(240, 19): warning X3206: implicit truncation of vector type
C:\Users\tetfy\OneDrive\Рабочий стол\QWLEY SHADE\reshade-shaders\Shaders\RSRetroArch\CRTHyllian.fx(241, 19): warning X3206: implicit truncation of vector type
C:\Users\tetfy\OneDrive\Рабочий стол\QWLEY SHADE\reshade-shaders\Shaders\RSRetroArch\CRTHyllian.fx(242, 19): warning X3206: implicit truncation of vector type
C:\Users\tetfy\OneDrive\Рабочий стол\QWLEY SHADE\reshade-shaders\Shaders\RSRetroArch\CRTHyllian.fx(243, 19): warning X3206: implicit truncation of vector type
C:\Users\tetfy\OneDrive\Рабочий стол\QWLEY SHADE\reshade-shaders\Shaders\RSRetroArch\CRTHyllian.fx(244, 19): warning X3206: implicit truncation of vector type
C:\Users\tetfy\OneDrive\Рабочий стол\QWLEY SHADE\reshade-shaders\Shaders\RSRetroArch\CRTHyllian.fx(245, 19): warning X3206: implicit truncation of vector type
C:\Users\tetfy\OneDrive\Рабочий стол\QWLEY SHADE\reshade-shaders\Shaders\RSRetroArch\CRTHyllian.fx(246, 19): warning X3206: implicit truncation of vector type
C:\Users\tetfy\OneDrive\Рабочий стол\QWLEY SHADE\reshade-shaders\Shaders\RSRetroArch\CRTHyllian.fx(247, 19): warning X3206: implicit truncation of vector type

18:54:55:162 [41268] | INFO  | Successfully compiled 'C:\Users\tetfy\OneDrive\Рабочий стол\QWLEY SHADE\reshade-shaders\Shaders\Barbatos\BaBa_DLAA-T.fx' in 0.026000 s.
18:54:55:164 [63088] | INFO  | Successfully compiled 'C:\Users\tetfy\OneDrive\Рабочий стол\QWLEY SHADE\reshade-shaders\Shaders\iMMERSE\MartysMods_SMAA.fx' in 0.023000 s.
18:54:55:165 [41784] | INFO  | Successfully compiled 'C:\Users\tetfy\OneDrive\Рабочий стол\QWLEY SHADE\reshade-shaders\Shaders\SweetFX\Monochrome.fx' in 0.008000 s.
18:54:55:166 [45952] | WARN  | Successfully compiled 'C:\Users\tetfy\OneDrive\Рабочий стол\QWLEY SHADE\reshade-shaders\Shaders\CShade\cDots.fx' in 0.018000 s with warnings:
C:\Users\tetfy\OneDrive\Рабочий стол\QWLEY SHADE\reshade-shaders\Shaders\CShade\cDots.fx(288, 14): warning X3206: implicit truncation of vector type
C:\Users\tetfy\OneDrive\Рабочий стол\QWLEY SHADE\reshade-shaders\Shaders\CShade\cDots.fx(350, 38): warning X3206: implicit truncation of vector type
C:\Users\tetfy\OneDrive\Рабочий стол\QWLEY SHADE\reshade-shaders\Shaders\CShade\cDots.fx(351, 38): warning X3206: implicit truncation of vector type
C:\Users\tetfy\OneDrive\Рабочий стол\QWLEY SHADE\reshade-shaders\Shaders\CShade\cDots.fx(352, 38): warning X3206: implicit truncation of vector type
C:\Users\tetfy\OneDrive\Рабочий стол\QWLEY SHADE\reshade-shaders\Shaders\CShade\cDots.fx(353, 38): warning X3206: implicit truncation of vector type

18:54:55:170 [51096] | INFO  | Successfully compiled 'C:\Users\tetfy\OneDrive\Рабочий стол\QWLEY SHADE\reshade-shaders\Shaders\FilmGrain2.fx' in 0.011000 s.
18:54:55:171 [55656] | INFO  | Successfully compiled 'C:\Users\tetfy\OneDrive\Рабочий стол\QWLEY SHADE\reshade-shaders\Shaders\RSRetroArch\CRTKurg.fx' in 0.009000 s.
18:54:55:173 [41268] | INFO  | Successfully compiled 'C:\Users\tetfy\OneDrive\Рабочий стол\QWLEY SHADE\reshade-shaders\Shaders\Barbatos\BaBa_FakeHDR.fx' in 0.010000 s.
18:54:55:174 [56844] | INFO  | Successfully compiled 'C:\Users\tetfy\OneDrive\Рабочий стол\QWLEY SHADE\reshade-shaders\Shaders\METEOR\MartysMods_CHROMATICABERRATION.fx' in 0.012000 s.
18:54:55:174 [63252] | INFO  | Successfully compiled 'C:\Users\tetfy\OneDrive\Рабочий стол\QWLEY SHADE\reshade-shaders\Shaders\CobraFX\ColorSort_CS.fx' in 0.019000 s.
18:54:55:177 [41784] | INFO  | Successfully compiled 'C:\Users\tetfy\OneDrive\Рабочий стол\QWLEY SHADE\reshade-shaders\Shaders\SweetFX\Nostalgia.fx' in 0.010000 s.
18:54:55:181 [51096] | INFO  | Successfully compiled 'C:\Users\tetfy\OneDrive\Рабочий стол\QWLEY SHADE\reshade-shaders\Shaders\FilmicPass.fx' in 0.010000 s.
18:54:55:181 [55656] | INFO  | Successfully compiled 'C:\Users\tetfy\OneDrive\Рабочий стол\QWLEY SHADE\reshade-shaders\Shaders\RSRetroArch\CRTLottes.fx' in 0.009000 s.
18:54:55:186 [45952] | INFO  | Successfully compiled 'C:\Users\tetfy\OneDrive\Рабочий стол\QWLEY SHADE\reshade-shaders\Shaders\CShade\cEnsor.fx' in 0.018000 s.
18:54:55:186 [41784] | INFO  | Successfully compiled 'C:\Users\tetfy\OneDrive\Рабочий стол\QWLEY SHADE\reshade-shaders\Shaders\SweetFX\Sepia.fx' in 0.009000 s.
18:54:55:187 [56844] | INFO  | Successfully compiled 'C:\Users\tetfy\OneDrive\Рабочий стол\QWLEY SHADE\reshade-shaders\Shaders\METEOR\MartysMods_FLOYDSTEINBERG.fx' in 0.012000 s.
18:54:55:187 [63088] | INFO  | Successfully compiled 'C:\Users\tetfy\OneDrive\Рабочий стол\QWLEY SHADE\reshade-shaders\Shaders\iMMERSE\MartysMods_SOLARIS.fx' in 0.022000 s.
18:54:55:188 [63252] | INFO  | Successfully compiled 'C:\Users\tetfy\OneDrive\Рабочий стол\QWLEY SHADE\reshade-shaders\Shaders\CobraFX\Droste.fx' in 0.013000 s.
18:54:55:191 [20684] | INFO  | Successfully compiled 'C:\Users\tetfy\OneDrive\Рабочий стол\QWLEY SHADE\reshade-shaders\Shaders\ReShade_HDR_shaders\lilium__filmgrain.fx' in 0.032000 s.
18:54:55:191 [55656] | INFO  | Successfully compiled 'C:\Users\tetfy\OneDrive\Рабочий стол\QWLEY SHADE\reshade-shaders\Shaders\RSRetroArch\CRTLottes2.fx' in 0.009000 s.
18:54:55:193 [51096] | INFO  | Successfully compiled 'C:\Users\tetfy\OneDrive\Рабочий стол\QWLEY SHADE\reshade-shaders\Shaders\FineSharp.fx' in 0.012000 s.
18:54:55:198 [41784] | INFO  | Successfully compiled 'C:\Users\tetfy\OneDrive\Рабочий стол\QWLEY SHADE\reshade-shaders\Shaders\SweetFX\SMAA.fx' in 0.012000 s.
18:54:55:198 [41268] | INFO  | Successfully compiled 'C:\Users\tetfy\OneDrive\Рабочий стол\QWLEY SHADE\reshade-shaders\Shaders\Barbatos\BaBa_Flow.fx' in 0.025000 s.
18:54:55:202 [63252] | INFO  | Successfully compiled 'C:\Users\tetfy\OneDrive\Рабочий стол\QWLEY SHADE\reshade-shaders\Shaders\CobraFX\Frequency_CS.fx' in 0.014000 s.
18:54:55:208 [41784] | INFO  | Successfully compiled 'C:\Users\tetfy\OneDrive\Рабочий стол\QWLEY SHADE\reshade-shaders\Shaders\SweetFX\Splitscreen.fx' in 0.008000 s.
18:54:55:212 [63252] | INFO  | Successfully compiled 'C:\Users\tetfy\OneDrive\Рабочий стол\QWLEY SHADE\reshade-shaders\Shaders\CobraFX\Gravity.fx' in 0.010000 s.
18:54:55:213 [41268] | INFO  | Successfully compiled 'C:\Users\tetfy\OneDrive\Рабочий стол\QWLEY SHADE\reshade-shaders\Shaders\Barbatos\BaBa_Flow_Lite.fx' in 0.013000 s.
18:54:55:218 [45952] | INFO  | Successfully compiled 'C:\Users\tetfy\OneDrive\Рабочий стол\QWLEY SHADE\reshade-shaders\Shaders\CShade\cFlow.fx' in 0.032000 s.
18:54:55:228 [63252] | INFO  | Successfully compiled 'C:\Users\tetfy\OneDrive\Рабочий стол\QWLEY SHADE\reshade-shaders\Shaders\CobraFX\Gravity_CS.fx' in 0.015000 s.
18:54:55:233 [45952] | INFO  | Successfully compiled 'C:\Users\tetfy\OneDrive\Рабочий стол\QWLEY SHADE\reshade-shaders\Shaders\CShade\cFXAA.fx' in 0.014000 s.
18:54:55:236 [63252] | INFO  | Successfully compiled 'C:\Users\tetfy\OneDrive\Рабочий стол\QWLEY SHADE\reshade-shaders\Shaders\CobraFX\Greyscale.fx' in 0.008000 s.
18:54:55:240 [41268] | INFO  | Successfully compiled 'C:\Users\tetfy\OneDrive\Рабочий стол\QWLEY SHADE\reshade-shaders\Shaders\Barbatos\BaBa_GI.fx' in 0.026000 s.
18:54:55:246 [45952] | INFO  | Successfully compiled 'C:\Users\tetfy\OneDrive\Рабочий стол\QWLEY SHADE\reshade-shaders\Shaders\CShade\cGhost.fx' in 0.012000 s.
18:54:55:247 [63252] | INFO  | Successfully compiled 'C:\Users\tetfy\OneDrive\Рабочий стол\QWLEY SHADE\reshade-shaders\Shaders\CobraFX\RealLongExposure.fx' in 0.010000 s.
18:54:55:255 [63252] | INFO  | Successfully compiled 'C:\Users\tetfy\OneDrive\Рабочий стол\QWLEY SHADE\reshade-shaders\Shaders\Colourfulness.fx' in 0.007000 s.
18:54:55:260 [45952] | INFO  | Successfully compiled 'C:\Users\tetfy\OneDrive\Рабочий стол\QWLEY SHADE\reshade-shaders\Shaders\CShade\cLayer.fx' in 0.013000 s.
18:54:55:264 [63252] | INFO  | Successfully compiled 'C:\Users\tetfy\OneDrive\Рабочий стол\QWLEY SHADE\reshade-shaders\Shaders\CorgiFX\AspectRatioMultiGrid.fx' in 0.008000 s.
18:54:55:269 [20684] | INFO  | Successfully compiled 'C:\Users\tetfy\OneDrive\Рабочий стол\QWLEY SHADE\reshade-shaders\Shaders\ReShade_HDR_shaders\lilium__hdr_and_sdr_analysis.fx' in 0.077000 s.
18:54:55:272 [41268] | INFO  | Successfully compiled 'C:\Users\tetfy\OneDrive\Рабочий стол\QWLEY SHADE\reshade-shaders\Shaders\Barbatos\BaBa_Launcher.fx' in 0.031000 s.
18:54:55:273 [45952] | INFO  | Successfully compiled 'C:\Users\tetfy\OneDrive\Рабочий стол\QWLEY SHADE\reshade-shaders\Shaders\CShade\cLens.fx' in 0.013000 s.
18:54:55:273 [63252] | INFO  | Successfully compiled 'C:\Users\tetfy\OneDrive\Рабочий стол\QWLEY SHADE\reshade-shaders\Shaders\CorgiFX\CanvasFog.fx' in 0.010000 s.
18:54:55:282 [63252] | INFO  | Successfully compiled 'C:\Users\tetfy\OneDrive\Рабочий стол\QWLEY SHADE\reshade-shaders\Shaders\CorgiFX\CanvasMask.fx' in 0.008000 s.
18:54:55:287 [45952] | WARN  | Successfully compiled 'C:\Users\tetfy\OneDrive\Рабочий стол\QWLEY SHADE\reshade-shaders\Shaders\CShade\cLetterBox.fx' in 0.013000 s with warnings:
C:\Users\tetfy\OneDrive\Рабочий стол\QWLEY SHADE\reshade-shaders\Shaders\CShade\cLetterBox.fx(49, 15): warning X3206: implicit truncation of vector type

18:54:55:293 [63252] | INFO  | Successfully compiled 'C:\Users\tetfy\OneDrive\Рабочий стол\QWLEY SHADE\reshade-shaders\Shaders\CorgiFX\ColorMask.fx' in 0.010000 s.
18:54:55:295 [20684] | INFO  | Successfully compiled 'C:\Users\tetfy\OneDrive\Рабочий стол\QWLEY SHADE\reshade-shaders\Shaders\ReShade_HDR_shaders\lilium__hdr_black_floor_fix.fx' in 0.024000 s.
18:54:55:296 [41268] | INFO  | Successfully compiled 'C:\Users\tetfy\OneDrive\Рабочий стол\QWLEY SHADE\reshade-shaders\Shaders\Barbatos\BaBa_MiAO.fx' in 0.023000 s.
18:54:55:300 [45952] | INFO  | Successfully compiled 'C:\Users\tetfy\OneDrive\Рабочий стол\QWLEY SHADE\reshade-shaders\Shaders\CShade\cLipse.fx' in 0.012000 s.
18:54:55:300 [63252] | INFO  | Successfully compiled 'C:\Users\tetfy\OneDrive\Рабочий стол\QWLEY SHADE\reshade-shaders\Shaders\CorgiFX\Flip.fx' in 0.007000 s.
18:54:55:310 [63252] | INFO  | Successfully compiled 'C:\Users\tetfy\OneDrive\Рабочий стол\QWLEY SHADE\reshade-shaders\Shaders\CorgiFX\FreezeShot.fx' in 0.010000 s.
18:54:55:314 [41268] | INFO  | Successfully compiled 'C:\Users\tetfy\OneDrive\Рабочий стол\QWLEY SHADE\reshade-shaders\Shaders\Barbatos\BaBa_NeoSSAO.fx' in 0.017000 s.
18:54:55:317 [63252] | INFO  | Successfully compiled 'C:\Users\tetfy\OneDrive\Рабочий стол\QWLEY SHADE\reshade-shaders\Shaders\CorgiFX\MagnifyingGlass.fx' in 0.006000 s.
18:54:55:323 [41268] | INFO  | Successfully compiled 'C:\Users\tetfy\OneDrive\Рабочий стол\QWLEY SHADE\reshade-shaders\Shaders\Barbatos\BaBa_Outline.fx' in 0.009000 s.
18:54:55:326 [45952] | INFO  | Successfully compiled 'C:\Users\tetfy\OneDrive\Рабочий стол\QWLEY SHADE\reshade-shaders\Shaders\CShade\cMotionBlur.fx' in 0.026000 s.
18:54:55:333 [41268] | INFO  | Successfully compiled 'C:\Users\tetfy\OneDrive\Рабочий стол\QWLEY SHADE\reshade-shaders\Shaders\Barbatos\BaBa_PHDR.fx' in 0.010000 s.
18:54:55:344 [41268] | INFO  | Successfully compiled 'C:\Users\tetfy\OneDrive\Рабочий стол\QWLEY SHADE\reshade-shaders\Shaders\Barbatos\BaBa_Sharpen_Neural.fx' in 0.009000 s.
18:54:55:354 [45952] | INFO  | Successfully compiled 'C:\Users\tetfy\OneDrive\Рабочий стол\QWLEY SHADE\reshade-shaders\Shaders\CShade\cMotionStabilization.fx' in 0.026000 s.
18:54:55:365 [45952] | INFO  | Successfully compiled 'C:\Users\tetfy\OneDrive\Рабочий стол\QWLEY SHADE\reshade-shaders\Shaders\CShade\cNoiseBlur.fx' in 0.010000 s.
18:54:55:375 [45952] | INFO  | Successfully compiled 'C:\Users\tetfy\OneDrive\Рабочий стол\QWLEY SHADE\reshade-shaders\Shaders\CShade\cNormalize.fx' in 0.011000 s.
18:54:55:387 [45952] | INFO  | Successfully compiled 'C:\Users\tetfy\OneDrive\Рабочий стол\QWLEY SHADE\reshade-shaders\Shaders\CShade\cQuantize.fx' in 0.010000 s.
18:54:55:398 [45952] | INFO  | Successfully compiled 'C:\Users\tetfy\OneDrive\Рабочий стол\QWLEY SHADE\reshade-shaders\Shaders\CShade\cRCAS.fx' in 0.011000 s.
18:54:55:422 [45952] | INFO  | Successfully compiled 'C:\Users\tetfy\OneDrive\Рабочий стол\QWLEY SHADE\reshade-shaders\Shaders\CShade\cShares.fx' in 0.023000 s.
18:54:55:432 [45952] | INFO  | Successfully compiled 'C:\Users\tetfy\OneDrive\Рабочий стол\QWLEY SHADE\reshade-shaders\Shaders\CShade\cSolidColor.fx' in 0.010000 s.
18:54:55:443 [45952] | WARN  | Successfully compiled 'C:\Users\tetfy\OneDrive\Рабочий стол\QWLEY SHADE\reshade-shaders\Shaders\CShade\cSpace.fx' in 0.011000 s with warnings:
C:\Users\tetfy\OneDrive\Рабочий стол\QWLEY SHADE\reshade-shaders\Shaders\CShade\cSpace.fx(53, 44): warning X3206: implicit truncation of vector type
C:\Users\tetfy\OneDrive\Рабочий стол\QWLEY SHADE\reshade-shaders\Shaders\CShade\cSpace.fx(56, 45): warning X3206: implicit truncation of vector type
C:\Users\tetfy\OneDrive\Рабочий стол\QWLEY SHADE\reshade-shaders\Shaders\CShade\cSpace.fx(59, 44): warning X3206: implicit truncation of vector type
C:\Users\tetfy\OneDrive\Рабочий стол\QWLEY SHADE\reshade-shaders\Shaders\CShade\cSpace.fx(62, 45): warning X3206: implicit truncation of vector type
C:\Users\tetfy\OneDrive\Рабочий стол\QWLEY SHADE\reshade-shaders\Shaders\CShade\cSpace.fx(65, 44): warning X3206: implicit truncation of vector type
C:\Users\tetfy\OneDrive\Рабочий стол\QWLEY SHADE\reshade-shaders\Shaders\CShade\cSpace.fx(68, 45): warning X3206: implicit truncation of vector type
C:\Users\tetfy\OneDrive\Рабочий стол\QWLEY SHADE\reshade-shaders\Shaders\CShade\cSpace.fx(71, 44): warning X3206: implicit truncation of vector type
C:\Users\tetfy\OneDrive\Рабочий стол\QWLEY SHADE\reshade-shaders\Shaders\CShade\cSpace.fx(74, 45): warning X3206: implicit truncation of vector type
C:\Users\tetfy\OneDrive\Рабочий стол\QWLEY SHADE\reshade-shaders\Shaders\CShade\cSpace.fx(77, 43): warning X3206: implicit truncation of vector type
C:\Users\tetfy\OneDrive\Рабочий стол\QWLEY SHADE\reshade-shaders\Shaders\CShade\cSpace.fx(80, 41): warning X3206: implicit truncation of vector type
C:\Users\tetfy\OneDrive\Рабочий стол\QWLEY SHADE\reshade-shaders\Shaders\CShade\cSpace.fx(83, 32): warning X3206: implicit truncation of vector type
C:\Users\tetfy\OneDrive\Рабочий стол\QWLEY SHADE\reshade-shaders\Shaders\CShade\cSpace.fx(86, 32): warning X3206: implicit truncation of vector type
C:\Users\tetfy\OneDrive\Рабочий стол\QWLEY SHADE\reshade-shaders\Shaders\CShade\cSpace.fx(89, 32): warning X3206: implicit truncation of vector type
C:\Users\tetfy\OneDrive\Рабочий стол\QWLEY SHADE\reshade-shaders\Shaders\CShade\cSpace.fx(92, 36): warning X3206: implicit truncation of vector type
C:\Users\tetfy\OneDrive\Рабочий стол\QWLEY SHADE\reshade-shaders\Shaders\CShade\cSpace.fx(95, 34): warning X3206: implicit truncation of vector type
C:\Users\tetfy\OneDrive\Рабочий стол\QWLEY SHADE\reshade-shaders\Shaders\CShade\cSpace.fx(100, 34): warning X3206: implicit truncation of vector type

18:54:55:455 [45952] | INFO  | Successfully compiled 'C:\Users\tetfy\OneDrive\Рабочий стол\QWLEY SHADE\reshade-shaders\Shaders\CShade\cThreshold.fx' in 0.011000 s.
18:54:55:468 [45952] | INFO  | Successfully compiled 'C:\Users\tetfy\OneDrive\Рабочий стол\QWLEY SHADE\reshade-shaders\Shaders\CShade\cTransform.fx' in 0.011000 s.
18:54:55:481 [45952] | INFO  | Successfully compiled 'C:\Users\tetfy\OneDrive\Рабочий стол\QWLEY SHADE\reshade-shaders\Shaders\CShade\kContour.fx' in 0.013000 s.
18:54:55:509 [45952] | INFO  | Successfully compiled 'C:\Users\tetfy\OneDrive\Рабочий стол\QWLEY SHADE\reshade-shaders\Shaders\CShade\kDatamosh.fx' in 0.026000 s.
18:54:55:522 [45952] | INFO  | Successfully compiled 'C:\Users\tetfy\OneDrive\Рабочий стол\QWLEY SHADE\reshade-shaders\Shaders\CShade\kMirror.fx' in 0.012000 s.
18:54:55:530 [45952] | INFO  | Successfully compiled 'C:\Users\tetfy\OneDrive\Рабочий стол\QWLEY SHADE\reshade-shaders\Shaders\Daltonize.fx' in 0.006000 s.
18:55:14:192 [57752] | INFO  | Destroyed runtime environment on runtime 000001FEB42D8EB0 ('C:\Users\tetfy\OneDrive\Рабочий стол\QWLEY SHADE\ReShade.ini').
18:55:14:241 [57752] | INFO  | Exiting ...
18:55:14:241 [57752] | INFO  | Uninstalling 41 hook(s) ...
18:55:15:345 [57752] | INFO  | Finished exiting.
